Author_ID,Author_Name,Country
1,Author_1,UK
2,Author_2,India
3,Author_3,USA
4,Author_4,India
5,Author_5,Canada
6,Author_6,Canada
7,Author_7,Canada
8,Author_8,Canada
9,Author_9,UK
10,Author_10,India
11,Author_11,Canada
12,Author_12,India
13,Author_13,Canada
14,Author_14,Canada
15,Author_15,India
16,Author_16,Canada
17,Author_17,USA
18,Author_18,UK
19,Author_19,India
20,Author_20,USA
21,Author_21,India
22,Author_22,India
23,Author_23,India
24,Author_24,India
25,Author_25,Canada
26,Author_26,UK
27,Author_27,Canada
28,Author_28,India
29,Author_29,UK
30,Author_30,Canada
31,Author_31,Canada
32,Author_32,UK
33,Author_33,USA
34,Author_34,UK
35,Author_35,UK
36,Author_36,Canada
37,Author_37,USA
38,Author_38,India
39,Author_39,Canada
40,Author_40,India
41,Author_41,UK
42,Author_42,USA
43,Author_43,India
44,Author_44,USA
45,Author_45,Canada
46,Author_46,UK
47,Author_47,USA
48,Author_48,USA
49,Author_49,Canada
50,Author_50,Canada
51,Author_51,India
52,Author_52,Canada
53,Author_53,UK
54,Author_54,Canada
55,Author_55,Canada
56,Author_56,UK
57,Author_57,USA
58,Author_58,USA
59,Author_59,India
60,Author_60,Canada
61,Author_61,India
62,Author_62,UK
63,Author_63,Canada
64,Author_64,USA
65,Author_65,Canada
66,Author_66,India
67,Author_67,Canada
68,Author_68,India
69,Author_69,USA
70,Author_70,Canada
71,Author_71,UK
72,Author_72,UK
73,Author_73,UK
74,Author_74,India
75,Author_75,UK
76,Author_76,UK
77,Author_77,Canada
78,Author_78,USA
79,Author_79,USA
80,Author_80,Canada
81,Author_81,USA
82,Author_82,India
83,Author_83,Canada
84,Author_84,UK
85,Author_85,UK
86,Author_86,Canada
87,Author_87,India
88,Author_88,Canada
89,Author_89,USA
90,Author_90,UK
91,Author_91,Canada
92,Author_92,Canada
93,Author_93,USA
94,Author_94,Canada
95,Author_95,USA
96,Author_96,India
97,Author_97,USA
98,Author_98,Canada
99,Author_99,India
100,Author_100,UK
101,Author_101,UK
102,Author_102,UK
103,Author_103,India
104,Author_104,USA
105,Author_105,India
106,Author_106,India
107,Author_107,India
108,Author_108,India
109,Author_109,Canada
110,Author_110,India
111,Author_111,USA
112,Author_112,UK
113,Author_113,USA
114,Author_114,India
115,Author_115,UK
116,Author_116,USA
117,Author_117,USA
118,Author_118,India
119,Author_119,UK
120,Author_120,UK
121,Author_121,USA
122,Author_122,UK
123,Author_123,USA
124,Author_124,USA
125,Author_125,Canada
126,Author_126,USA
127,Author_127,Canada
128,Author_128,Canada
129,Author_129,India
130,Author_130,India
131,Author_131,USA
132,Author_132,Canada
133,Author_133,USA
134,Author_134,Canada
135,Author_135,UK
136,Author_136,USA
137,Author_137,India
138,Author_138,USA
139,Author_139,UK
140,Author_140,Canada
141,Author_141,India
142,Author_142,UK
143,Author_143,India
144,Author_144,Canada
145,Author_145,UK
146,Author_146,India
147,Author_147,UK
148,Author_148,Canada
149,Author_149,Canada
150,Author_150,UK
151,Author_151,Canada
152,Author_152,UK
153,Author_153,India
154,Author_154,Canada
155,Author_155,USA
156,Author_156,Canada
157,Author_157,India
158,Author_158,USA
159,Author_159,UK
160,Author_160,UK
161,Author_161,India
162,Author_162,USA
163,Author_163,India
164,Author_164,India
165,Author_165,USA
166,Author_166,USA
167,Author_167,UK
168,Author_168,Canada
169,Author_169,USA
170,Author_170,UK
171,Author_171,India
172,Author_172,India
173,Author_173,UK
174,Author_174,Canada
175,Author_175,UK
176,Author_176,India
177,Author_177,Canada
178,Author_178,UK
179,Author_179,USA
180,Author_180,India
181,Author_181,UK
182,Author_182,Canada
183,Author_183,UK
184,Author_184,Canada
185,Author_185,India
186,Author_186,Canada
187,Author_187,USA
188,Author_188,Canada
189,Author_189,India
190,Author_190,USA
191,Author_191,Canada
192,Author_192,USA
193,Author_193,India
194,Author_194,UK
195,Author_195,UK
196,Author_196,USA
197,Author_197,UK
198,Author_198,USA
199,Author_199,Canada
200,Author_200,UK
201,Author_201,USA
202,Author_202,India
203,Author_203,Canada
204,Author_204,USA
205,Author_205,Canada
206,Author_206,UK
207,Author_207,India
208,Author_208,India
209,Author_209,India
210,Author_210,UK
211,Author_211,UK
212,Author_212,UK
213,Author_213,UK
214,Author_214,USA
215,Author_215,USA
216,Author_216,USA
217,Author_217,USA
218,Author_218,USA
219,Author_219,USA
220,Author_220,India
221,Author_221,USA
222,Author_222,UK
223,Author_223,Canada
224,Author_224,UK
225,Author_225,India
226,Author_226,USA
227,Author_227,India
228,Author_228,Canada
229,Author_229,India
230,Author_230,Canada
231,Author_231,UK
232,Author_232,UK
233,Author_233,USA
234,Author_234,India
235,Author_235,Canada
236,Author_236,India
237,Author_237,UK
238,Author_238,India
239,Author_239,USA
240,Author_240,USA
241,Author_241,USA
242,Author_242,India
243,Author_243,Canada
244,Author_244,USA
245,Author_245,India
246,Author_246,India
247,Author_247,USA
248,Author_248,India
249,Author_249,India
250,Author_250,India
251,Author_251,Canada
252,Author_252,India
253,Author_253,India
254,Author_254,UK
255,Author_255,UK
256,Author_256,Canada
257,Author_257,UK
258,Author_258,India
259,Author_259,Canada
260,Author_260,UK
261,Author_261,UK
262,Author_262,UK
263,Author_263,India
264,Author_264,Canada
265,Author_265,Canada
266,Author_266,USA
267,Author_267,USA
268,Author_268,Canada
269,Author_269,USA
270,Author_270,India
271,Author_271,UK
272,Author_272,USA
273,Author_273,India
274,Author_274,India
275,Author_275,India
276,Author_276,USA
277,Author_277,USA
278,Author_278,Canada
279,Author_279,Canada
280,Author_280,USA
281,Author_281,Canada
282,Author_282,India
283,Author_283,India
284,Author_284,USA
285,Author_285,Canada
286,Author_286,India
287,Author_287,USA
288,Author_288,UK
289,Author_289,Canada
290,Author_290,USA
291,Author_291,USA
292,Author_292,UK
293,Author_293,UK
294,Author_294,USA
295,Author_295,UK
296,Author_296,UK
297,Author_297,USA
298,Author_298,India
299,Author_299,USA
300,Author_300,India
301,Author_301,Canada
302,Author_302,India
303,Author_303,USA
304,Author_304,UK
305,Author_305,Canada
306,Author_306,USA
307,Author_307,India
308,Author_308,USA
309,Author_309,UK
310,Author_310,USA
311,Author_311,USA
312,Author_312,UK
313,Author_313,USA
314,Author_314,India
315,Author_315,India
316,Author_316,UK
317,Author_317,UK
318,Author_318,India
319,Author_319,UK
320,Author_320,Canada
321,Author_321,India
322,Author_322,USA
323,Author_323,India
324,Author_324,India
325,Author_325,India
326,Author_326,India
327,Author_327,USA
328,Author_328,USA
329,Author_329,Canada
330,Author_330,Canada
331,Author_331,UK
332,Author_332,India
333,Author_333,USA
334,Author_334,India
335,Author_335,UK
336,Author_336,UK
337,Author_337,UK
338,Author_338,UK
339,Author_339,USA
340,Author_340,USA
341,Author_341,India
342,Author_342,USA
343,Author_343,UK
344,Author_344,UK
345,Author_345,UK
346,Author_346,India
347,Author_347,USA
348,Author_348,UK
349,Author_349,UK
350,Author_350,USA
351,Author_351,Canada
352,Author_352,UK
353,Author_353,India
354,Author_354,UK
355,Author_355,USA
356,Author_356,India
357,Author_357,Canada
358,Author_358,Canada
359,Author_359,USA
360,Author_360,Canada
361,Author_361,Canada
362,Author_362,India
363,Author_363,Canada
364,Author_364,USA
365,Author_365,UK
366,Author_366,USA
367,Author_367,Canada
368,Author_368,India
369,Author_369,Canada
370,Author_370,India
371,Author_371,India
372,Author_372,USA
373,Author_373,UK
374,Author_374,UK
375,Author_375,UK
376,Author_376,USA
377,Author_377,USA
378,Author_378,Canada
379,Author_379,Canada
380,Author_380,UK
381,Author_381,India
382,Author_382,UK
383,Author_383,Canada
384,Author_384,India
385,Author_385,UK
386,Author_386,USA
387,Author_387,Canada
388,Author_388,UK
389,Author_389,UK
390,Author_390,USA
391,Author_391,Canada
392,Author_392,Canada
393,Author_393,UK
394,Author_394,Canada
395,Author_395,USA
396,Author_396,USA
397,Author_397,UK
398,Author_398,India
399,Author_399,India
400,Author_400,USA
401,Author_401,UK
402,Author_402,UK
403,Author_403,USA
404,Author_404,USA
405,Author_405,USA
406,Author_406,USA
407,Author_407,UK
408,Author_408,Canada
409,Author_409,India
410,Author_410,India
411,Author_411,Canada
412,Author_412,UK
413,Author_413,UK
414,Author_414,USA
415,Author_415,Canada
416,Author_416,UK
417,Author_417,India
418,Author_418,Canada
419,Author_419,Canada
420,Author_420,USA
421,Author_421,Canada
422,Author_422,UK
423,Author_423,India
424,Author_424,India
425,Author_425,USA
426,Author_426,India
427,Author_427,USA
428,Author_428,India
429,Author_429,UK
430,Author_430,India
431,Author_431,Canada
432,Author_432,UK
433,Author_433,Canada
434,Author_434,Canada
435,Author_435,Canada
436,Author_436,UK
437,Author_437,USA
438,Author_438,Canada
439,Author_439,UK
440,Author_440,Canada
441,Author_441,UK
442,Author_442,India
443,Author_443,Canada
444,Author_444,Canada
445,Author_445,India
446,Author_446,USA
447,Author_447,USA
448,Author_448,UK
449,Author_449,Canada
450,Author_450,India
451,Author_451,UK
452,Author_452,Canada
453,Author_453,India
454,Author_454,India
455,Author_455,UK
456,Author_456,USA
457,Author_457,UK
458,Author_458,UK
459,Author_459,USA
460,Author_460,UK
461,Author_461,UK
462,Author_462,USA
463,Author_463,USA
464,Author_464,USA
465,Author_465,Canada
466,Author_466,UK
467,Author_467,USA
468,Author_468,Canada
469,Author_469,Canada
470,Author_470,India
471,Author_471,UK
472,Author_472,Canada
473,Author_473,UK
474,Author_474,USA
475,Author_475,India
476,Author_476,India
477,Author_477,India
478,Author_478,India
479,Author_479,USA
480,Author_480,UK
481,Author_481,India
482,Author_482,USA
483,Author_483,USA
484,Author_484,Canada
485,Author_485,USA
486,Author_486,USA
487,Author_487,India
488,Author_488,India
489,Author_489,Canada
490,Author_490,Canada
491,Author_491,USA
492,Author_492,USA
493,Author_493,Canada
494,Author_494,USA
495,Author_495,Canada
496,Author_496,India
497,Author_497,Canada
498,Author_498,Canada
499,Author_499,UK
500,Author_500,India
