Book_ID,Book_Name,Author_ID,Category,Price
1001,Book_1,143,History,889
1002,Book_2,452,History,353
1003,Book_3,473,Science,765
1004,Book_4,428,History,568
1005,Book_5,480,Fantasy,869
1006,Book_6,88,Science,784
1007,Book_7,343,History,352
1008,Book_8,185,History,153
1009,Book_9,348,Science,743
1010,Book_10,219,Science,494
1011,Book_11,441,History,748
1012,Book_12,499,Novel,654
1013,Book_13,382,Story,805
1014,Book_14,496,Fantasy,794
1015,Book_15,11,Science,888
1016,Book_16,323,Story,798
1017,Book_17,399,Science,951
1018,Book_18,139,Story,935
1019,Book_19,38,History,160
1020,Book_20,179,Fantasy,967
1021,Book_21,363,Science,851
1022,Book_22,279,Fantasy,305
1023,Book_23,237,Fantasy,646
1024,Book_24,87,Science,672
1025,Book_25,24,Fantasy,672
1026,Book_26,51,History,582
1027,Book_27,36,Fantasy,218
1028,Book_28,337,Science,170
1029,Book_29,85,History,877
1030,Book_30,485,Story,857
1031,Book_31,48,Science,801
1032,Book_32,353,Fantasy,769
1033,Book_33,156,Story,690
1034,Book_34,107,Story,491
1035,Book_35,138,Novel,226
1036,Book_36,358,History,824
1037,Book_37,189,Science,673
1038,Book_38,286,Novel,322
1039,Book_39,153,History,426
1040,Book_40,183,History,907
1041,Book_41,119,Science,724
1042,Book_42,205,Story,645
1043,Book_43,405,Fantasy,775
1044,Book_44,169,Story,414
1045,Book_45,494,History,873
1046,Book_46,126,Novel,787
1047,Book_47,207,Fantasy,592
1048,Book_48,478,Story,954
1049,Book_49,138,Story,224
1050,Book_50,321,Story,743
1051,Book_51,228,History,895
1052,Book_52,76,History,418
1053,Book_53,236,History,316
1054,Book_54,71,Story,882
1055,Book_55,226,Fantasy,467
1056,Book_56,385,Science,396
1057,Book_57,60,Story,885
1058,Book_58,349,Fantasy,219
1059,Book_59,55,Story,556
1060,Book_60,165,Science,252
1061,Book_61,490,Story,196
1062,Book_62,29,History,173
1063,Book_63,456,Story,849
1064,Book_64,18,Science,870
1065,Book_65,271,History,602
1066,Book_66,176,Fantasy,270
1067,Book_67,314,Story,247
1068,Book_68,114,Science,388
1069,Book_69,254,Science,536
1070,Book_70,385,Story,387
1071,Book_71,121,Fantasy,623
1072,Book_72,281,History,548
1073,Book_73,109,Science,882
1074,Book_74,133,Fantasy,658
1075,Book_75,304,Novel,368
1076,Book_76,41,Novel,165
1077,Book_77,409,Novel,641
1078,Book_78,164,Science,744
1079,Book_79,148,Story,559
1080,Book_80,82,Story,962
1081,Book_81,468,Novel,165
1082,Book_82,199,Story,830
1083,Book_83,278,Novel,728
1084,Book_84,195,Fantasy,283
1085,Book_85,41,Science,817
1086,Book_86,431,Fantasy,164
1087,Book_87,19,History,212
1088,Book_88,269,Story,193
1089,Book_89,478,Fantasy,949
1090,Book_90,61,Science,243
1091,Book_91,98,Novel,661
1092,Book_92,327,Story,912
1093,Book_93,143,Story,828
1094,Book_94,230,Science,487
1095,Book_95,324,Fantasy,416
1096,Book_96,329,Story,401
1097,Book_97,31,History,956
1098,Book_98,303,Story,508
1099,Book_99,220,History,864
1100,Book_100,287,History,212
1101,Book_101,464,Fantasy,710
1102,Book_102,212,History,354
1103,Book_103,365,History,584
1104,Book_104,471,Novel,880
1105,Book_105,137,History,888
1106,Book_106,498,Novel,407
1107,Book_107,91,Novel,304
1108,Book_108,31,Story,588
1109,Book_109,437,Novel,204
1110,Book_110,327,Novel,982
1111,Book_111,263,Science,663
1112,Book_112,190,Novel,470
1113,Book_113,21,Story,694
1114,Book_114,17,Science,830
1115,Book_115,66,Science,931
1116,Book_116,363,Science,175
1117,Book_117,378,History,426
1118,Book_118,47,Fantasy,969
1119,Book_119,167,Novel,459
1120,Book_120,18,Science,209
1121,Book_121,376,Fantasy,470
1122,Book_122,377,Story,416
1123,Book_123,407,Science,976
1124,Book_124,60,Fantasy,246
1125,Book_125,218,Story,664
1126,Book_126,286,Story,488
1127,Book_127,473,Fantasy,671
1128,Book_128,402,Science,748
1129,Book_129,247,Novel,282
1130,Book_130,335,Science,686
1131,Book_131,287,History,868
1132,Book_132,267,History,180
1133,Book_133,460,Fantasy,911
1134,Book_134,81,Story,529
1135,Book_135,200,History,482
1136,Book_136,50,Science,503
1137,Book_137,65,History,216
1138,Book_138,23,Fantasy,984
1139,Book_139,410,History,471
1140,Book_140,214,Fantasy,476
1141,Book_141,181,Fantasy,483
1142,Book_142,384,History,663
1143,Book_143,5,History,274
1144,Book_144,77,Fantasy,894
1145,Book_145,167,Fantasy,736
1146,Book_146,36,Science,436
1147,Book_147,246,Science,522
1148,Book_148,475,Science,985
1149,Book_149,456,Novel,742
1150,Book_150,411,Novel,287
1151,Book_151,25,History,653
1152,Book_152,295,Fantasy,952
1153,Book_153,126,History,914
1154,Book_154,174,Fantasy,966
1155,Book_155,330,Fantasy,562
1156,Book_156,158,Science,762
1157,Book_157,175,History,669
1158,Book_158,86,Novel,301
1159,Book_159,129,Story,726
1160,Book_160,69,Novel,339
1161,Book_161,393,Science,895
1162,Book_162,318,Novel,981
1163,Book_163,51,History,847
1164,Book_164,137,Novel,359
1165,Book_165,134,Novel,797
1166,Book_166,293,History,806
1167,Book_167,41,Novel,963
1168,Book_168,436,Story,808
1169,Book_169,430,Story,673
1170,Book_170,442,Science,172
1171,Book_171,303,Fantasy,648
1172,Book_172,364,Fantasy,375
1173,Book_173,457,Story,762
1174,Book_174,253,Story,585
1175,Book_175,232,Fantasy,707
1176,Book_176,468,Story,967
1177,Book_177,247,Novel,983
1178,Book_178,431,Fantasy,567
1179,Book_179,104,Novel,914
1180,Book_180,273,Science,676
1181,Book_181,449,Science,228
1182,Book_182,207,History,672
1183,Book_183,408,History,748
1184,Book_184,218,Novel,510
1185,Book_185,436,Science,156
1186,Book_186,98,Fantasy,862
1187,Book_187,354,Novel,703
1188,Book_188,62,Fantasy,674
1189,Book_189,455,Fantasy,945
1190,Book_190,279,History,714
1191,Book_191,145,History,571
1192,Book_192,278,History,568
1193,Book_193,309,History,465
1194,Book_194,232,Fantasy,284
1195,Book_195,260,Science,750
1196,Book_196,72,History,941
1197,Book_197,499,Story,408
1198,Book_198,326,Novel,584
1199,Book_199,377,History,187
1200,Book_200,189,Science,561
1201,Book_201,145,Novel,242
1202,Book_202,474,Novel,154
1203,Book_203,197,Fantasy,625
1204,Book_204,140,Fantasy,801
1205,Book_205,384,Science,937
1206,Book_206,173,Science,617
1207,Book_207,412,Novel,645
1208,Book_208,182,Story,575
1209,Book_209,76,Novel,326
1210,Book_210,417,Fantasy,526
1211,Book_211,440,Story,753
1212,Book_212,403,Fantasy,572
1213,Book_213,133,History,444
1214,Book_214,379,Science,857
1215,Book_215,141,Science,493
1216,Book_216,398,Science,370
1217,Book_217,367,Science,561
1218,Book_218,367,Science,243
1219,Book_219,33,Story,361
1220,Book_220,495,Story,384
1221,Book_221,374,Novel,255
1222,Book_222,130,Story,641
1223,Book_223,397,Novel,558
1224,Book_224,333,Story,153
1225,Book_225,46,Science,776
1226,Book_226,489,Novel,712
1227,Book_227,112,History,582
1228,Book_228,178,Novel,817
1229,Book_229,497,Novel,902
1230,Book_230,284,Science,837
1231,Book_231,380,Novel,421
1232,Book_232,351,Fantasy,333
1233,Book_233,246,Novel,955
1234,Book_234,110,Novel,549
1235,Book_235,64,Science,451
1236,Book_236,350,History,659
1237,Book_237,464,Science,268
1238,Book_238,311,Science,258
1239,Book_239,77,Science,778
1240,Book_240,464,Story,321
1241,Book_241,267,Fantasy,576
1242,Book_242,381,History,445
1243,Book_243,445,Science,798
1244,Book_244,459,History,369
1245,Book_245,404,History,495
1246,Book_246,441,Science,255
1247,Book_247,5,Fantasy,875
1248,Book_248,137,Novel,703
1249,Book_249,321,Science,457
1250,Book_250,390,Novel,384
1251,Book_251,261,Fantasy,426
1252,Book_252,362,Story,571
1253,Book_253,76,Story,412
1254,Book_254,100,Science,724
1255,Book_255,323,History,209
1256,Book_256,273,History,671
1257,Book_257,77,Science,426
1258,Book_258,144,Science,862
1259,Book_259,157,Fantasy,653
1260,Book_260,110,Science,526
1261,Book_261,307,Science,397
1262,Book_262,174,Story,770
1263,Book_263,389,Story,906
1264,Book_264,451,History,860
1265,Book_265,231,History,303
1266,Book_266,30,History,483
1267,Book_267,271,Story,810
1268,Book_268,390,Story,472
1269,Book_269,319,Science,641
1270,Book_270,169,Novel,280
1271,Book_271,455,Story,865
1272,Book_272,132,Story,240
1273,Book_273,326,History,998
1274,Book_274,360,Novel,726
1275,Book_275,89,Novel,381
1276,Book_276,289,Story,665
1277,Book_277,291,Fantasy,582
1278,Book_278,168,Novel,942
1279,Book_279,11,Fantasy,991
1280,Book_280,316,Story,236
1281,Book_281,381,Story,436
1282,Book_282,349,Fantasy,425
1283,Book_283,308,History,538
1284,Book_284,12,Novel,487
1285,Book_285,178,Story,266
1286,Book_286,129,Story,847
1287,Book_287,294,Novel,505
1288,Book_288,40,Novel,892
1289,Book_289,53,Fantasy,474
1290,Book_290,128,Fantasy,692
1291,Book_291,26,Fantasy,181
1292,Book_292,41,Story,558
1293,Book_293,191,Story,246
1294,Book_294,348,Fantasy,430
1295,Book_295,5,History,479
1296,Book_296,491,Novel,510
1297,Book_297,473,Story,770
1298,Book_298,475,Fantasy,564
1299,Book_299,47,History,785
1300,Book_300,372,History,636
1301,Book_301,289,Science,698
1302,Book_302,479,Science,458
1303,Book_303,460,Story,797
1304,Book_304,155,History,286
1305,Book_305,28,History,670
1306,Book_306,57,Story,396
1307,Book_307,111,Science,431
1308,Book_308,280,Novel,406
1309,Book_309,276,Fantasy,692
1310,Book_310,135,Science,279
1311,Book_311,207,Novel,912
1312,Book_312,192,Novel,820
1313,Book_313,279,Fantasy,707
1314,Book_314,285,History,851
1315,Book_315,298,Novel,783
1316,Book_316,158,Science,848
1317,Book_317,68,Story,226
1318,Book_318,468,History,295
1319,Book_319,347,Story,645
1320,Book_320,431,Fantasy,523
1321,Book_321,455,Fantasy,313
1322,Book_322,80,Science,600
1323,Book_323,208,Novel,765
1324,Book_324,75,Fantasy,452
1325,Book_325,342,History,158
1326,Book_326,276,Novel,984
1327,Book_327,330,Story,538
1328,Book_328,383,History,253
1329,Book_329,236,Novel,947
1330,Book_330,222,History,845
1331,Book_331,217,Fantasy,529
1332,Book_332,210,Science,770
1333,Book_333,237,Novel,251
1334,Book_334,242,Novel,811
1335,Book_335,361,Novel,981
1336,Book_336,22,Novel,751
1337,Book_337,72,History,670
1338,Book_338,391,Fantasy,714
1339,Book_339,139,History,820
1340,Book_340,183,Science,989
1341,Book_341,358,Story,977
1342,Book_342,319,Story,258
1343,Book_343,288,Fantasy,312
1344,Book_344,60,Novel,870
1345,Book_345,161,Science,894
1346,Book_346,178,Fantasy,823
1347,Book_347,321,Novel,781
1348,Book_348,223,Science,535
1349,Book_349,184,Fantasy,922
1350,Book_350,418,Fantasy,601
1351,Book_351,409,Story,800
1352,Book_352,313,History,297
1353,Book_353,29,Fantasy,839
1354,Book_354,59,History,326
1355,Book_355,279,Science,499
1356,Book_356,388,Novel,746
1357,Book_357,12,Science,364
1358,Book_358,197,Story,556
1359,Book_359,367,Story,252
1360,Book_360,128,Fantasy,486
1361,Book_361,337,Story,953
1362,Book_362,347,Science,910
1363,Book_363,242,Fantasy,654
1364,Book_364,334,Story,592
1365,Book_365,226,Science,705
1366,Book_366,62,History,649
1367,Book_367,475,Fantasy,278
1368,Book_368,77,Novel,535
1369,Book_369,213,Novel,968
1370,Book_370,14,Novel,337
1371,Book_371,235,Science,833
1372,Book_372,258,Fantasy,309
1373,Book_373,79,History,995
1374,Book_374,55,Fantasy,169
1375,Book_375,238,Science,980
1376,Book_376,325,Story,700
1377,Book_377,357,Science,155
1378,Book_378,279,Story,583
1379,Book_379,465,Story,828
1380,Book_380,92,Fantasy,828
1381,Book_381,123,Novel,943
1382,Book_382,275,History,314
1383,Book_383,90,Science,749
1384,Book_384,12,History,372
1385,Book_385,219,Story,963
1386,Book_386,21,History,892
1387,Book_387,98,History,857
1388,Book_388,314,History,229
1389,Book_389,127,Science,948
1390,Book_390,239,Novel,730
1391,Book_391,330,Novel,546
1392,Book_392,46,History,246
1393,Book_393,329,Science,196
1394,Book_394,266,Story,946
1395,Book_395,7,Novel,469
1396,Book_396,239,Fantasy,890
1397,Book_397,213,Story,759
1398,Book_398,69,History,874
1399,Book_399,424,Fantasy,939
1400,Book_400,274,Science,663
1401,Book_401,412,Science,717
1402,Book_402,86,Science,865
1403,Book_403,200,Story,657
1404,Book_404,419,Fantasy,518
1405,Book_405,476,Story,415
1406,Book_406,291,Fantasy,329
1407,Book_407,400,History,235
1408,Book_408,375,Fantasy,494
1409,Book_409,476,Story,414
1410,Book_410,131,Fantasy,507
1411,Book_411,197,Fantasy,729
1412,Book_412,240,Novel,302
1413,Book_413,489,Story,408
1414,Book_414,116,Story,222
1415,Book_415,411,History,700
1416,Book_416,317,Story,706
1417,Book_417,220,Story,741
1418,Book_418,72,History,621
1419,Book_419,201,Story,234
1420,Book_420,321,Novel,306
1421,Book_421,403,Novel,180
1422,Book_422,383,Science,541
1423,Book_423,214,Story,755
1424,Book_424,306,Story,838
1425,Book_425,276,History,225
1426,Book_426,475,Story,540
1427,Book_427,72,Fantasy,357
1428,Book_428,339,Science,515
1429,Book_429,384,Story,380
1430,Book_430,153,Story,506
1431,Book_431,252,History,448
1432,Book_432,46,History,997
1433,Book_433,154,Story,872
1434,Book_434,238,Novel,447
1435,Book_435,410,History,756
1436,Book_436,53,History,531
1437,Book_437,387,Science,411
1438,Book_438,317,Novel,203
1439,Book_439,425,Fantasy,313
1440,Book_440,416,Story,794
1441,Book_441,421,Novel,265
1442,Book_442,438,Science,798
1443,Book_443,301,Story,912
1444,Book_444,107,History,669
1445,Book_445,204,Novel,874
1446,Book_446,109,Science,826
1447,Book_447,473,History,287
1448,Book_448,417,History,410
1449,Book_449,372,Novel,884
1450,Book_450,62,Story,931
1451,Book_451,289,Science,828
1452,Book_452,247,History,778
1453,Book_453,119,Fantasy,188
1454,Book_454,327,Story,837
1455,Book_455,344,History,664
1456,Book_456,120,Science,430
1457,Book_457,394,Science,558
1458,Book_458,140,Science,250
1459,Book_459,343,Story,341
1460,Book_460,287,Novel,614
1461,Book_461,386,Novel,650
1462,Book_462,110,Science,992
1463,Book_463,374,History,992
1464,Book_464,474,Fantasy,399
1465,Book_465,49,Novel,844
1466,Book_466,383,Novel,582
1467,Book_467,427,Science,343
1468,Book_468,490,Story,759
1469,Book_469,258,Story,671
1470,Book_470,198,History,519
1471,Book_471,101,Story,518
1472,Book_472,338,History,925
1473,Book_473,398,Novel,499
1474,Book_474,464,Novel,619
1475,Book_475,23,History,331
1476,Book_476,457,Story,442
1477,Book_477,241,Novel,747
1478,Book_478,257,Novel,729
1479,Book_479,203,Novel,559
1480,Book_480,408,History,736
1481,Book_481,331,Fantasy,553
1482,Book_482,138,Fantasy,631
1483,Book_483,493,Novel,715
1484,Book_484,486,Science,167
1485,Book_485,219,Fantasy,752
1486,Book_486,384,Fantasy,964
1487,Book_487,77,History,753
1488,Book_488,285,Fantasy,217
1489,Book_489,443,History,956
1490,Book_490,405,Fantasy,575
1491,Book_491,201,History,959
1492,Book_492,13,History,745
1493,Book_493,59,Novel,737
1494,Book_494,272,Novel,253
1495,Book_495,462,Fantasy,494
1496,Book_496,478,Fantasy,918
1497,Book_497,283,Novel,802
1498,Book_498,190,History,225
1499,Book_499,249,Novel,702
1500,Book_500,229,Fantasy,662
1501,Book_501,471,History,153
1502,Book_502,473,Story,482
1503,Book_503,185,Story,299
1504,Book_504,459,History,301
1505,Book_505,302,Novel,563
1506,Book_506,163,History,580
1507,Book_507,421,Fantasy,499
1508,Book_508,437,Fantasy,773
1509,Book_509,189,Novel,878
1510,Book_510,33,Story,989
1511,Book_511,405,Fantasy,922
1512,Book_512,497,Science,713
1513,Book_513,146,History,954
1514,Book_514,317,Novel,226
1515,Book_515,363,Story,423
1516,Book_516,212,Novel,279
1517,Book_517,145,History,893
1518,Book_518,329,Fantasy,390
1519,Book_519,108,Novel,433
1520,Book_520,370,Science,198
1521,Book_521,378,History,458
1522,Book_522,404,Story,991
1523,Book_523,279,Novel,713
1524,Book_524,162,Fantasy,453
1525,Book_525,441,History,286
1526,Book_526,19,Science,983
1527,Book_527,187,Novel,179
1528,Book_528,162,Science,917
1529,Book_529,84,History,191
1530,Book_530,362,History,868
1531,Book_531,340,History,584
1532,Book_532,95,Story,388
1533,Book_533,59,History,283
1534,Book_534,499,History,668
1535,Book_535,63,Fantasy,619
1536,Book_536,101,Novel,519
1537,Book_537,493,Science,492
1538,Book_538,475,History,890
1539,Book_539,182,Story,800
1540,Book_540,5,Novel,650
1541,Book_541,17,Story,409
1542,Book_542,461,History,190
1543,Book_543,5,Story,933
1544,Book_544,455,Novel,686
1545,Book_545,419,Story,185
1546,Book_546,485,History,355
1547,Book_547,108,Science,445
1548,Book_548,125,Science,668
1549,Book_549,191,Fantasy,551
1550,Book_550,484,Novel,349
1551,Book_551,305,Story,342
1552,Book_552,351,History,454
1553,Book_553,490,History,586
1554,Book_554,315,Science,522
1555,Book_555,12,Science,171
1556,Book_556,477,Novel,824
1557,Book_557,321,History,830
1558,Book_558,318,Science,997
1559,Book_559,363,History,501
1560,Book_560,174,Novel,812
1561,Book_561,216,Story,868
1562,Book_562,264,Science,772
1563,Book_563,289,History,663
1564,Book_564,438,Science,764
1565,Book_565,349,History,936
1566,Book_566,231,History,632
1567,Book_567,85,Fantasy,841
1568,Book_568,420,History,458
1569,Book_569,289,Science,771
1570,Book_570,277,Fantasy,411
1571,Book_571,159,Novel,769
1572,Book_572,388,Novel,950
1573,Book_573,235,Science,514
1574,Book_574,119,History,604
1575,Book_575,108,Science,493
1576,Book_576,357,Story,543
1577,Book_577,442,Science,205
1578,Book_578,329,Novel,514
1579,Book_579,447,Novel,411
1580,Book_580,385,History,909
1581,Book_581,28,Fantasy,537
1582,Book_582,8,Fantasy,496
1583,Book_583,159,History,955
1584,Book_584,422,Novel,363
1585,Book_585,367,Novel,486
1586,Book_586,62,Novel,281
1587,Book_587,400,Fantasy,569
1588,Book_588,312,Fantasy,388
1589,Book_589,14,Story,923
1590,Book_590,393,History,917
1591,Book_591,294,Fantasy,459
1592,Book_592,151,Science,580
1593,Book_593,475,History,622
1594,Book_594,416,Novel,353
1595,Book_595,209,Story,772
1596,Book_596,22,History,396
1597,Book_597,323,Story,399
1598,Book_598,366,Science,538
1599,Book_599,108,History,305
1600,Book_600,369,Fantasy,911
1601,Book_601,369,Fantasy,151
1602,Book_602,365,Fantasy,604
1603,Book_603,255,Story,841
1604,Book_604,75,Novel,529
1605,Book_605,224,History,500
1606,Book_606,448,History,651
1607,Book_607,163,History,264
1608,Book_608,299,Fantasy,979
1609,Book_609,281,Fantasy,589
1610,Book_610,6,Fantasy,920
1611,Book_611,45,Science,267
1612,Book_612,257,Story,770
1613,Book_613,383,Fantasy,597
1614,Book_614,191,Story,205
1615,Book_615,53,History,677
1616,Book_616,264,History,316
1617,Book_617,67,Fantasy,199
1618,Book_618,453,Novel,373
1619,Book_619,2,Novel,583
1620,Book_620,375,Novel,217
1621,Book_621,29,Novel,185
1622,Book_622,276,Fantasy,490
1623,Book_623,402,Novel,776
1624,Book_624,5,History,366
1625,Book_625,241,Story,422
1626,Book_626,152,History,713
1627,Book_627,268,Fantasy,389
1628,Book_628,94,Story,550
1629,Book_629,455,Novel,394
1630,Book_630,497,History,867
1631,Book_631,232,Novel,489
1632,Book_632,168,Science,272
1633,Book_633,9,History,339
1634,Book_634,259,Novel,929
1635,Book_635,95,Story,380
1636,Book_636,91,Fantasy,975
1637,Book_637,51,Novel,963
1638,Book_638,161,Story,214
1639,Book_639,427,Science,303
1640,Book_640,119,Novel,915
1641,Book_641,147,Fantasy,209
1642,Book_642,302,Novel,603
1643,Book_643,103,Story,830
1644,Book_644,95,Novel,208
1645,Book_645,104,Novel,914
1646,Book_646,373,Novel,239
1647,Book_647,488,Story,442
1648,Book_648,366,Fantasy,689
1649,Book_649,217,Story,889
1650,Book_650,17,Fantasy,933
1651,Book_651,100,Fantasy,508
1652,Book_652,183,Science,932
1653,Book_653,448,History,541
1654,Book_654,443,Science,241
1655,Book_655,219,Story,1000
1656,Book_656,251,Fantasy,332
1657,Book_657,310,Novel,395
1658,Book_658,38,Science,433
1659,Book_659,273,Fantasy,493
1660,Book_660,387,Fantasy,569
1661,Book_661,234,Fantasy,510
1662,Book_662,162,Science,632
1663,Book_663,262,Novel,529
1664,Book_664,66,Fantasy,322
1665,Book_665,155,History,279
1666,Book_666,447,History,878
1667,Book_667,373,Story,320
1668,Book_668,235,Story,288
1669,Book_669,83,Novel,982
1670,Book_670,314,Fantasy,391
1671,Book_671,183,Fantasy,325
1672,Book_672,142,Science,467
1673,Book_673,40,Science,307
1674,Book_674,282,Fantasy,610
1675,Book_675,470,Novel,309
1676,Book_676,351,Fantasy,220
1677,Book_677,351,Story,641
1678,Book_678,274,Novel,197
1679,Book_679,372,Story,815
1680,Book_680,183,Fantasy,669
1681,Book_681,479,Fantasy,950
1682,Book_682,258,Fantasy,500
1683,Book_683,335,Novel,339
1684,Book_684,486,Science,183
1685,Book_685,139,History,878
1686,Book_686,495,Story,213
1687,Book_687,127,Fantasy,484
1688,Book_688,289,Science,400
1689,Book_689,185,Novel,387
1690,Book_690,483,Fantasy,864
1691,Book_691,292,Novel,350
1692,Book_692,50,Story,378
1693,Book_693,189,History,422
1694,Book_694,73,Story,383
1695,Book_695,39,Fantasy,737
1696,Book_696,262,History,702
1697,Book_697,308,History,958
1698,Book_698,222,Science,744
1699,Book_699,263,Science,337
1700,Book_700,263,Fantasy,350
1701,Book_701,222,Novel,433
1702,Book_702,106,Story,931
1703,Book_703,73,Story,941
1704,Book_704,107,Novel,317
1705,Book_705,249,Fantasy,338
1706,Book_706,26,Fantasy,234
1707,Book_707,313,Story,844
1708,Book_708,357,Story,239
1709,Book_709,226,Story,766
1710,Book_710,176,Story,738
1711,Book_711,354,Novel,372
1712,Book_712,162,Science,715
1713,Book_713,19,Novel,525
1714,Book_714,256,History,507
1715,Book_715,70,Science,219
1716,Book_716,262,Fantasy,830
1717,Book_717,380,History,835
1718,Book_718,160,History,475
1719,Book_719,456,History,241
1720,Book_720,247,Fantasy,575
1721,Book_721,436,Novel,418
1722,Book_722,33,Fantasy,169
1723,Book_723,93,Fantasy,381
1724,Book_724,161,Fantasy,987
1725,Book_725,130,Fantasy,649
1726,Book_726,213,Novel,451
1727,Book_727,84,Fantasy,199
1728,Book_728,60,Science,590
1729,Book_729,475,History,372
1730,Book_730,143,Fantasy,936
1731,Book_731,335,History,656
1732,Book_732,295,Fantasy,773
1733,Book_733,132,Story,480
1734,Book_734,74,Fantasy,246
1735,Book_735,204,Fantasy,684
1736,Book_736,382,History,863
1737,Book_737,448,Story,555
1738,Book_738,231,Story,642
1739,Book_739,498,Story,188
1740,Book_740,374,Story,230
1741,Book_741,380,Novel,189
1742,Book_742,266,History,632
1743,Book_743,292,Science,866
1744,Book_744,168,History,964
1745,Book_745,88,History,875
1746,Book_746,255,Science,163
1747,Book_747,198,History,891
1748,Book_748,288,Science,319
1749,Book_749,304,History,532
1750,Book_750,27,Fantasy,991
1751,Book_751,181,Science,393
1752,Book_752,353,History,460
1753,Book_753,436,Novel,602
1754,Book_754,389,Fantasy,349
1755,Book_755,83,Story,602
1756,Book_756,477,Novel,522
1757,Book_757,291,Fantasy,977
1758,Book_758,89,History,652
1759,Book_759,245,Novel,739
1760,Book_760,120,History,210
1761,Book_761,228,Story,671
1762,Book_762,107,Science,627
1763,Book_763,64,Fantasy,418
1764,Book_764,71,Story,487
1765,Book_765,68,Story,974
1766,Book_766,467,History,692
1767,Book_767,158,Story,717
1768,Book_768,362,Science,629
1769,Book_769,235,History,715
1770,Book_770,160,Story,682
1771,Book_771,316,History,466
1772,Book_772,304,Story,439
1773,Book_773,345,Story,848
1774,Book_774,4,Fantasy,271
1775,Book_775,218,Science,880
1776,Book_776,336,History,902
1777,Book_777,92,History,600
1778,Book_778,231,History,602
1779,Book_779,187,Story,205
1780,Book_780,44,Novel,249
1781,Book_781,276,Science,290
1782,Book_782,228,Science,336
1783,Book_783,244,Science,684
1784,Book_784,437,History,187
1785,Book_785,301,Story,754
1786,Book_786,231,Science,549
1787,Book_787,149,Fantasy,944
1788,Book_788,388,Story,762
1789,Book_789,140,Story,944
1790,Book_790,15,History,212
1791,Book_791,409,Novel,713
1792,Book_792,118,Science,476
1793,Book_793,227,Fantasy,913
1794,Book_794,53,Science,205
1795,Book_795,383,Science,434
1796,Book_796,477,Science,626
1797,Book_797,170,History,248
1798,Book_798,85,Science,704
1799,Book_799,444,Science,778
1800,Book_800,380,Science,667
1801,Book_801,77,Fantasy,299
1802,Book_802,180,Story,775
1803,Book_803,100,Story,955
1804,Book_804,416,Story,614
1805,Book_805,333,Story,255
1806,Book_806,358,Novel,585
1807,Book_807,27,Science,305
1808,Book_808,192,History,479
1809,Book_809,481,Fantasy,557
1810,Book_810,8,Science,648
1811,Book_811,367,Science,458
1812,Book_812,380,Fantasy,809
1813,Book_813,298,Science,470
1814,Book_814,435,Fantasy,328
1815,Book_815,52,Science,334
1816,Book_816,229,Story,619
1817,Book_817,55,History,276
1818,Book_818,275,Fantasy,473
1819,Book_819,422,Science,843
1820,Book_820,287,Fantasy,891
1821,Book_821,298,Fantasy,725
1822,Book_822,304,Science,481
1823,Book_823,249,Science,993
1824,Book_824,275,Story,320
1825,Book_825,124,History,354
1826,Book_826,440,History,401
1827,Book_827,27,Fantasy,784
1828,Book_828,389,Novel,486
1829,Book_829,215,Novel,502
1830,Book_830,185,Fantasy,764
1831,Book_831,305,Science,364
1832,Book_832,403,Fantasy,379
1833,Book_833,161,Science,865
1834,Book_834,197,Story,158
1835,Book_835,200,Fantasy,768
1836,Book_836,402,History,377
1837,Book_837,120,Novel,992
1838,Book_838,314,Fantasy,543
1839,Book_839,105,Fantasy,248
1840,Book_840,223,Novel,977
1841,Book_841,180,Novel,977
1842,Book_842,209,Story,264
1843,Book_843,274,Story,921
1844,Book_844,175,Story,534
1845,Book_845,224,Fantasy,705
1846,Book_846,447,History,433
1847,Book_847,483,Story,348
1848,Book_848,82,Story,700
1849,Book_849,83,Story,272
1850,Book_850,227,History,684
1851,Book_851,67,Science,287
1852,Book_852,436,Fantasy,771
1853,Book_853,407,Fantasy,758
1854,Book_854,71,Novel,517
1855,Book_855,399,Story,381
1856,Book_856,121,Science,756
1857,Book_857,251,Novel,817
1858,Book_858,46,Story,695
1859,Book_859,241,History,296
1860,Book_860,108,Fantasy,875
1861,Book_861,71,Fantasy,908
1862,Book_862,179,Novel,542
1863,Book_863,244,Novel,691
1864,Book_864,237,Story,886
1865,Book_865,124,Story,855
1866,Book_866,466,Novel,889
1867,Book_867,357,Fantasy,193
1868,Book_868,137,History,343
1869,Book_869,37,Novel,982
1870,Book_870,412,Novel,559
1871,Book_871,170,Novel,606
1872,Book_872,368,History,685
1873,Book_873,364,Science,833
1874,Book_874,144,Story,591
1875,Book_875,191,Fantasy,918
1876,Book_876,197,Science,596
1877,Book_877,189,History,360
1878,Book_878,101,Novel,298
1879,Book_879,122,Story,171
1880,Book_880,124,Science,617
1881,Book_881,402,History,601
1882,Book_882,291,Novel,205
1883,Book_883,89,History,157
1884,Book_884,23,Science,954
1885,Book_885,143,Science,285
1886,Book_886,441,Story,861
1887,Book_887,396,Fantasy,574
1888,Book_888,399,Fantasy,749
1889,Book_889,383,Novel,668
1890,Book_890,233,Story,855
1891,Book_891,471,History,522
1892,Book_892,300,Novel,507
1893,Book_893,61,Story,800
1894,Book_894,328,Novel,597
1895,Book_895,487,Story,974
1896,Book_896,10,Fantasy,283
1897,Book_897,78,Fantasy,175
1898,Book_898,242,Novel,644
1899,Book_899,35,History,591
1900,Book_900,48,Science,707
1901,Book_901,309,History,249
1902,Book_902,66,History,840
1903,Book_903,362,Science,808
1904,Book_904,309,History,569
1905,Book_905,124,History,538
1906,Book_906,245,Fantasy,598
1907,Book_907,60,Novel,365
1908,Book_908,304,History,864
1909,Book_909,190,Novel,248
1910,Book_910,182,Novel,350
1911,Book_911,57,History,239
1912,Book_912,2,History,592
1913,Book_913,467,Story,243
1914,Book_914,158,Science,776
1915,Book_915,32,History,589
1916,Book_916,287,Fantasy,551
1917,Book_917,322,Novel,836
1918,Book_918,305,Novel,433
1919,Book_919,466,History,639
1920,Book_920,225,Story,425
1921,Book_921,466,Fantasy,943
1922,Book_922,498,Science,602
1923,Book_923,274,Novel,425
1924,Book_924,264,Story,913
1925,Book_925,362,Science,616
1926,Book_926,152,History,754
1927,Book_927,94,Fantasy,672
1928,Book_928,499,Science,927
1929,Book_929,496,Science,851
1930,Book_930,287,History,557
1931,Book_931,245,Story,463
1932,Book_932,9,Novel,301
1933,Book_933,253,Novel,996
1934,Book_934,185,Fantasy,466
1935,Book_935,405,History,460
1936,Book_936,71,Novel,663
1937,Book_937,71,Science,188
1938,Book_938,229,Science,897
1939,Book_939,292,Fantasy,704
1940,Book_940,191,Story,878
1941,Book_941,500,Novel,700
1942,Book_942,104,Fantasy,787
1943,Book_943,415,Novel,953
1944,Book_944,237,Fantasy,162
1945,Book_945,332,Fantasy,892
1946,Book_946,493,History,858
1947,Book_947,12,History,561
1948,Book_948,58,Novel,851
1949,Book_949,165,History,784
1950,Book_950,327,History,608
1951,Book_951,47,History,660
1952,Book_952,272,Fantasy,753
1953,Book_953,448,Novel,342
1954,Book_954,87,Novel,781
1955,Book_955,60,Novel,270
1956,Book_956,285,History,462
1957,Book_957,386,Story,315
1958,Book_958,274,Story,383
1959,Book_959,444,Story,241
1960,Book_960,258,Fantasy,856
1961,Book_961,431,History,595
1962,Book_962,137,History,287
1963,Book_963,147,History,981
1964,Book_964,128,Novel,760
1965,Book_965,136,Novel,172
1966,Book_966,222,History,439
1967,Book_967,432,Science,582
1968,Book_968,224,Novel,339
1969,Book_969,110,Novel,802
1970,Book_970,422,Science,574
1971,Book_971,182,Fantasy,673
1972,Book_972,467,Story,333
1973,Book_973,405,Story,384
1974,Book_974,415,Novel,524
1975,Book_975,35,Science,479
1976,Book_976,417,Story,374
1977,Book_977,132,Story,857
1978,Book_978,457,History,540
1979,Book_979,55,Science,851
1980,Book_980,375,History,151
1981,Book_981,242,Fantasy,418
1982,Book_982,398,Fantasy,363
1983,Book_983,409,Story,856
1984,Book_984,326,Science,828
1985,Book_985,18,Science,618
1986,Book_986,275,Novel,284
1987,Book_987,119,Science,810
1988,Book_988,51,Fantasy,868
1989,Book_989,320,Science,355
1990,Book_990,265,Fantasy,250
1991,Book_991,128,Story,653
1992,Book_992,295,Novel,332
1993,Book_993,255,Fantasy,873
1994,Book_994,330,History,799
1995,Book_995,458,History,593
1996,Book_996,205,History,581
1997,Book_997,429,Novel,790
1998,Book_998,205,Story,585
1999,Book_999,66,Novel,449
2000,Book_1000,199,History,590
2001,Book_1001,327,Novel,356
2002,Book_1002,307,Fantasy,640
2003,Book_1003,305,Science,420
2004,Book_1004,261,Novel,483
2005,Book_1005,401,Story,724
2006,Book_1006,366,History,950
2007,Book_1007,133,Novel,725
2008,Book_1008,339,Novel,938
2009,Book_1009,190,Science,421
2010,Book_1010,385,Novel,440
2011,Book_1011,72,Novel,566
2012,Book_1012,362,Science,178
2013,Book_1013,246,History,886
2014,Book_1014,67,History,550
2015,Book_1015,252,Story,671
2016,Book_1016,15,Science,972
2017,Book_1017,32,Science,765
2018,Book_1018,44,Story,838
2019,Book_1019,21,Science,235
2020,Book_1020,151,History,190
2021,Book_1021,178,Novel,219
2022,Book_1022,38,Novel,748
2023,Book_1023,158,Fantasy,465
2024,Book_1024,47,History,631
2025,Book_1025,318,Fantasy,484
2026,Book_1026,439,Story,792
2027,Book_1027,182,History,405
2028,Book_1028,168,History,388
2029,Book_1029,128,Story,468
2030,Book_1030,490,Fantasy,699
2031,Book_1031,166,Fantasy,751
2032,Book_1032,3,Science,408
2033,Book_1033,448,Story,301
2034,Book_1034,498,Story,315
2035,Book_1035,44,Fantasy,558
2036,Book_1036,104,Story,318
2037,Book_1037,418,History,964
2038,Book_1038,438,History,225
2039,Book_1039,162,Science,872
2040,Book_1040,109,Story,189
2041,Book_1041,229,Story,560
2042,Book_1042,405,Novel,867
2043,Book_1043,460,Fantasy,940
2044,Book_1044,113,Fantasy,673
2045,Book_1045,407,Science,494
2046,Book_1046,43,Novel,222
2047,Book_1047,422,Story,272
2048,Book_1048,269,Science,881
2049,Book_1049,424,History,619
2050,Book_1050,6,History,321
2051,Book_1051,235,Science,703
2052,Book_1052,57,Story,165
2053,Book_1053,125,Fantasy,369
2054,Book_1054,266,History,451
2055,Book_1055,466,Fantasy,420
2056,Book_1056,472,Fantasy,422
2057,Book_1057,148,Novel,179
2058,Book_1058,448,Novel,791
2059,Book_1059,400,Science,193
2060,Book_1060,106,Novel,473
2061,Book_1061,232,Fantasy,267
2062,Book_1062,127,Novel,347
2063,Book_1063,16,Story,801
2064,Book_1064,464,Story,788
2065,Book_1065,306,Novel,600
2066,Book_1066,374,Novel,722
2067,Book_1067,117,Science,327
2068,Book_1068,429,History,159
2069,Book_1069,115,Story,214
2070,Book_1070,9,Story,478
2071,Book_1071,468,History,236
2072,Book_1072,265,History,417
2073,Book_1073,100,Science,158
2074,Book_1074,279,Fantasy,510
2075,Book_1075,133,History,544
2076,Book_1076,448,Science,692
2077,Book_1077,271,History,626
2078,Book_1078,143,Novel,334
2079,Book_1079,389,Science,726
2080,Book_1080,202,Story,782
2081,Book_1081,107,History,176
2082,Book_1082,265,Novel,474
2083,Book_1083,75,Story,476
2084,Book_1084,204,Novel,568
2085,Book_1085,373,History,636
2086,Book_1086,426,History,953
2087,Book_1087,34,Novel,284
2088,Book_1088,285,Science,709
2089,Book_1089,200,History,428
2090,Book_1090,304,Novel,372
2091,Book_1091,100,Fantasy,873
2092,Book_1092,195,Fantasy,680
2093,Book_1093,12,History,423
2094,Book_1094,98,History,683
2095,Book_1095,380,History,316
2096,Book_1096,118,Novel,365
2097,Book_1097,246,Story,203
2098,Book_1098,337,Science,439
2099,Book_1099,8,Story,970
2100,Book_1100,51,Novel,875
2101,Book_1101,301,Science,636
2102,Book_1102,490,Story,988
2103,Book_1103,112,History,629
2104,Book_1104,416,Novel,828
2105,Book_1105,208,Story,214
2106,Book_1106,66,Fantasy,668
2107,Book_1107,244,Science,674
2108,Book_1108,339,Fantasy,593
2109,Book_1109,419,History,404
2110,Book_1110,434,Science,416
2111,Book_1111,483,Science,514
2112,Book_1112,198,History,384
2113,Book_1113,194,History,258
2114,Book_1114,93,History,795
2115,Book_1115,413,Fantasy,227
2116,Book_1116,14,Science,750
2117,Book_1117,253,Novel,930
2118,Book_1118,236,Novel,790
2119,Book_1119,332,Story,615
2120,Book_1120,180,History,243
2121,Book_1121,455,Fantasy,843
2122,Book_1122,19,Fantasy,753
2123,Book_1123,269,History,493
2124,Book_1124,67,History,321
2125,Book_1125,221,Fantasy,883
2126,Book_1126,227,Story,651
2127,Book_1127,384,Science,178
2128,Book_1128,492,History,410
2129,Book_1129,62,Fantasy,415
2130,Book_1130,13,History,236
2131,Book_1131,167,History,828
2132,Book_1132,93,Story,450
2133,Book_1133,379,Novel,324
2134,Book_1134,234,Fantasy,558
2135,Book_1135,327,Science,977
2136,Book_1136,348,Science,830
2137,Book_1137,340,Novel,726
2138,Book_1138,251,History,235
2139,Book_1139,478,Novel,210
2140,Book_1140,10,Fantasy,187
2141,Book_1141,138,Fantasy,330
2142,Book_1142,276,Science,782
2143,Book_1143,368,Fantasy,167
2144,Book_1144,233,Fantasy,393
2145,Book_1145,435,Story,504
2146,Book_1146,377,Novel,173
2147,Book_1147,226,History,352
2148,Book_1148,202,Story,333
2149,Book_1149,119,Novel,554
2150,Book_1150,21,Story,477
2151,Book_1151,3,Science,701
2152,Book_1152,418,History,689
2153,Book_1153,84,Novel,582
2154,Book_1154,114,Fantasy,839
2155,Book_1155,266,Science,343
2156,Book_1156,430,Novel,769
2157,Book_1157,432,Science,570
2158,Book_1158,205,History,586
2159,Book_1159,140,Science,495
2160,Book_1160,290,Novel,230
2161,Book_1161,242,Science,315
2162,Book_1162,460,Science,314
2163,Book_1163,428,History,671
2164,Book_1164,399,History,896
2165,Book_1165,258,History,326
2166,Book_1166,137,Science,916
2167,Book_1167,247,Fantasy,505
2168,Book_1168,480,Science,557
2169,Book_1169,283,Science,443
2170,Book_1170,123,Fantasy,705
2171,Book_1171,279,History,380
2172,Book_1172,136,Novel,823
2173,Book_1173,38,Fantasy,876
2174,Book_1174,449,Science,314
2175,Book_1175,136,History,408
2176,Book_1176,252,Novel,313
2177,Book_1177,421,Science,263
2178,Book_1178,113,Story,265
2179,Book_1179,197,Novel,326
2180,Book_1180,35,Novel,629
2181,Book_1181,282,Science,954
2182,Book_1182,13,Novel,427
2183,Book_1183,27,History,633
2184,Book_1184,456,Story,514
2185,Book_1185,305,Science,263
2186,Book_1186,174,Fantasy,541
2187,Book_1187,480,Science,447
2188,Book_1188,43,Story,987
2189,Book_1189,372,Science,724
2190,Book_1190,179,Science,591
2191,Book_1191,364,Science,751
2192,Book_1192,137,Story,304
2193,Book_1193,439,Novel,488
2194,Book_1194,493,Fantasy,535
2195,Book_1195,35,History,962
2196,Book_1196,499,Fantasy,739
2197,Book_1197,463,Story,298
2198,Book_1198,392,Novel,694
2199,Book_1199,105,Science,871
2200,Book_1200,120,Fantasy,781
2201,Book_1201,271,Story,941
2202,Book_1202,105,Fantasy,325
2203,Book_1203,435,Story,812
2204,Book_1204,205,Science,650
2205,Book_1205,180,Novel,694
2206,Book_1206,39,Novel,526
2207,Book_1207,128,Story,368
2208,Book_1208,466,Science,604
2209,Book_1209,262,History,429
2210,Book_1210,219,History,496
2211,Book_1211,474,Science,498
2212,Book_1212,42,History,775
2213,Book_1213,29,Story,719
2214,Book_1214,381,Science,330
2215,Book_1215,47,Novel,216
2216,Book_1216,13,Story,435
2217,Book_1217,100,Science,561
2218,Book_1218,366,History,673
2219,Book_1219,139,Fantasy,720
2220,Book_1220,197,Novel,874
2221,Book_1221,203,Science,397
2222,Book_1222,37,Fantasy,287
2223,Book_1223,352,History,177
2224,Book_1224,323,Science,802
2225,Book_1225,29,Fantasy,503
2226,Book_1226,395,Novel,861
2227,Book_1227,318,Science,474
2228,Book_1228,300,Novel,930
2229,Book_1229,273,Fantasy,896
2230,Book_1230,403,Science,861
2231,Book_1231,484,Novel,747
2232,Book_1232,417,Science,852
2233,Book_1233,354,Novel,583
2234,Book_1234,208,Novel,729
2235,Book_1235,452,Novel,161
2236,Book_1236,469,History,759
2237,Book_1237,210,Fantasy,329
2238,Book_1238,208,Novel,296
2239,Book_1239,476,Fantasy,678
2240,Book_1240,359,History,570
2241,Book_1241,422,Story,957
2242,Book_1242,292,Science,890
2243,Book_1243,151,History,980
2244,Book_1244,305,Fantasy,908
2245,Book_1245,348,Novel,947
2246,Book_1246,452,Science,702
2247,Book_1247,482,History,571
2248,Book_1248,468,Story,481
2249,Book_1249,88,Science,552
2250,Book_1250,296,History,829
2251,Book_1251,65,History,807
2252,Book_1252,41,History,752
2253,Book_1253,489,History,552
2254,Book_1254,134,Science,650
2255,Book_1255,374,Novel,973
2256,Book_1256,321,Fantasy,313
2257,Book_1257,432,Fantasy,547
2258,Book_1258,141,Novel,411
2259,Book_1259,495,Novel,272
2260,Book_1260,427,Novel,629
2261,Book_1261,485,Story,627
2262,Book_1262,124,Story,192
2263,Book_1263,116,Novel,260
2264,Book_1264,418,Novel,895
2265,Book_1265,20,History,823
2266,Book_1266,59,Novel,408
2267,Book_1267,213,Story,984
2268,Book_1268,178,Novel,201
2269,Book_1269,432,Science,963
2270,Book_1270,315,History,991
2271,Book_1271,115,Story,699
2272,Book_1272,294,Science,325
2273,Book_1273,181,History,557
2274,Book_1274,424,History,960
2275,Book_1275,409,History,834
2276,Book_1276,88,Fantasy,692
2277,Book_1277,439,Novel,794
2278,Book_1278,414,Novel,165
2279,Book_1279,414,History,455
2280,Book_1280,51,Science,239
2281,Book_1281,1,Novel,909
2282,Book_1282,144,History,462
2283,Book_1283,303,History,926
2284,Book_1284,402,Fantasy,619
2285,Book_1285,197,Novel,981
2286,Book_1286,494,Story,463
2287,Book_1287,329,Story,671
2288,Book_1288,257,Novel,524
2289,Book_1289,447,Science,246
2290,Book_1290,221,Story,431
2291,Book_1291,59,Fantasy,408
2292,Book_1292,389,Story,486
2293,Book_1293,473,History,294
2294,Book_1294,286,Story,779
2295,Book_1295,4,Story,874
2296,Book_1296,431,Science,517
2297,Book_1297,329,Story,568
2298,Book_1298,343,Fantasy,587
2299,Book_1299,461,History,600
2300,Book_1300,58,Fantasy,204
2301,Book_1301,271,Fantasy,884
2302,Book_1302,264,Fantasy,353
2303,Book_1303,107,Story,903
2304,Book_1304,124,Science,505
2305,Book_1305,132,Novel,653
2306,Book_1306,396,History,293
2307,Book_1307,219,Science,242
2308,Book_1308,265,Fantasy,252
2309,Book_1309,113,Novel,586
2310,Book_1310,208,Story,267
2311,Book_1311,342,Science,992
2312,Book_1312,266,Story,315
2313,Book_1313,111,Fantasy,524
2314,Book_1314,429,Fantasy,505
2315,Book_1315,383,Fantasy,730
2316,Book_1316,387,Story,181
2317,Book_1317,114,Fantasy,643
2318,Book_1318,462,History,698
2319,Book_1319,9,Fantasy,167
2320,Book_1320,466,Story,864
2321,Book_1321,103,Fantasy,808
2322,Book_1322,466,Story,224
2323,Book_1323,219,Fantasy,854
2324,Book_1324,190,Story,258
2325,Book_1325,493,Novel,551
2326,Book_1326,174,History,487
2327,Book_1327,351,Science,501
2328,Book_1328,302,Fantasy,562
2329,Book_1329,387,History,432
2330,Book_1330,396,Fantasy,778
2331,Book_1331,39,Science,378
2332,Book_1332,314,Science,504
2333,Book_1333,396,Fantasy,884
2334,Book_1334,15,Novel,758
2335,Book_1335,272,Novel,325
2336,Book_1336,319,Story,941
2337,Book_1337,452,History,599
2338,Book_1338,435,Fantasy,583
2339,Book_1339,205,History,154
2340,Book_1340,35,Science,306
2341,Book_1341,375,History,362
2342,Book_1342,432,Science,836
2343,Book_1343,478,Science,655
2344,Book_1344,51,Science,952
2345,Book_1345,331,Story,881
2346,Book_1346,338,Science,370
2347,Book_1347,336,Fantasy,720
2348,Book_1348,399,Novel,455
2349,Book_1349,151,Story,407
2350,Book_1350,422,History,461
2351,Book_1351,244,Story,596
2352,Book_1352,171,History,478
2353,Book_1353,108,Fantasy,190
2354,Book_1354,160,History,738
2355,Book_1355,151,Science,456
2356,Book_1356,136,Story,446
2357,Book_1357,135,Fantasy,302
2358,Book_1358,133,Science,839
2359,Book_1359,227,Science,888
2360,Book_1360,87,Science,190
2361,Book_1361,48,History,360
2362,Book_1362,498,Fantasy,202
2363,Book_1363,268,Fantasy,191
2364,Book_1364,213,Novel,782
2365,Book_1365,321,Fantasy,282
2366,Book_1366,472,Novel,502
2367,Book_1367,124,History,512
2368,Book_1368,266,Science,879
2369,Book_1369,124,History,235
2370,Book_1370,17,Fantasy,169
2371,Book_1371,335,Science,176
2372,Book_1372,87,Fantasy,973
2373,Book_1373,344,History,999
2374,Book_1374,108,Science,446
2375,Book_1375,323,Story,194
2376,Book_1376,20,Science,549
2377,Book_1377,446,History,850
2378,Book_1378,465,Novel,539
2379,Book_1379,148,Science,201
2380,Book_1380,118,Fantasy,579
2381,Book_1381,301,History,648
2382,Book_1382,308,Story,743
2383,Book_1383,262,Novel,494
2384,Book_1384,408,Science,820
2385,Book_1385,92,Story,679
2386,Book_1386,486,Science,223
2387,Book_1387,411,Science,844
2388,Book_1388,203,Story,411
2389,Book_1389,399,Novel,438
2390,Book_1390,17,Fantasy,949
2391,Book_1391,44,Story,783
2392,Book_1392,130,Science,860
2393,Book_1393,223,Fantasy,252
2394,Book_1394,153,Novel,638
2395,Book_1395,90,Fantasy,711
2396,Book_1396,107,Story,193
2397,Book_1397,345,Science,714
2398,Book_1398,6,History,665
2399,Book_1399,153,Novel,894
2400,Book_1400,196,Fantasy,249
2401,Book_1401,132,Story,762
2402,Book_1402,357,Story,224
2403,Book_1403,90,History,806
2404,Book_1404,194,History,730
2405,Book_1405,370,Novel,375
2406,Book_1406,472,Science,848
2407,Book_1407,10,Novel,690
2408,Book_1408,213,History,967
2409,Book_1409,495,Story,204
2410,Book_1410,379,Science,818
2411,Book_1411,213,Story,312
2412,Book_1412,114,Novel,776
2413,Book_1413,232,History,707
2414,Book_1414,172,Fantasy,346
2415,Book_1415,260,History,411
2416,Book_1416,421,Science,403
2417,Book_1417,344,Fantasy,784
2418,Book_1418,132,Story,879
2419,Book_1419,324,Fantasy,520
2420,Book_1420,297,Fantasy,662
2421,Book_1421,329,Story,941
2422,Book_1422,441,Story,699
2423,Book_1423,339,Novel,257
2424,Book_1424,112,Fantasy,322
2425,Book_1425,378,Fantasy,374
2426,Book_1426,84,Novel,773
2427,Book_1427,113,Science,418
2428,Book_1428,132,Story,800
2429,Book_1429,134,Science,192
2430,Book_1430,394,Novel,307
2431,Book_1431,369,Science,597
2432,Book_1432,155,Fantasy,565
2433,Book_1433,399,Fantasy,782
2434,Book_1434,102,Fantasy,436
2435,Book_1435,410,Fantasy,644
2436,Book_1436,317,Story,953
2437,Book_1437,298,Fantasy,294
2438,Book_1438,200,Novel,223
2439,Book_1439,134,Novel,943
2440,Book_1440,253,Story,614
2441,Book_1441,443,Fantasy,191
2442,Book_1442,138,Fantasy,154
2443,Book_1443,425,History,657
2444,Book_1444,402,Science,985
2445,Book_1445,447,Science,583
2446,Book_1446,387,Fantasy,773
2447,Book_1447,369,Science,928
2448,Book_1448,100,Science,550
2449,Book_1449,149,Novel,232
2450,Book_1450,490,Story,872
2451,Book_1451,173,Fantasy,732
2452,Book_1452,220,Science,276
2453,Book_1453,430,Science,203
2454,Book_1454,223,History,355
2455,Book_1455,58,Story,854
2456,Book_1456,245,Science,327
2457,Book_1457,352,Story,375
2458,Book_1458,318,Novel,859
2459,Book_1459,178,Fantasy,667
2460,Book_1460,226,Story,537
2461,Book_1461,323,Science,726
2462,Book_1462,492,Story,188
2463,Book_1463,258,Story,846
2464,Book_1464,128,Story,272
2465,Book_1465,141,History,163
2466,Book_1466,3,Fantasy,442
2467,Book_1467,426,Story,205
2468,Book_1468,478,Fantasy,822
2469,Book_1469,348,Story,280
2470,Book_1470,35,Story,753
2471,Book_1471,215,Fantasy,933
2472,Book_1472,415,Story,224
2473,Book_1473,462,Story,932
2474,Book_1474,83,History,576
2475,Book_1475,111,Science,704
2476,Book_1476,435,Science,327
2477,Book_1477,309,Novel,972
2478,Book_1478,256,Story,358
2479,Book_1479,38,Story,400
2480,Book_1480,461,Story,774
2481,Book_1481,315,Story,711
2482,Book_1482,133,Novel,938
2483,Book_1483,385,History,531
2484,Book_1484,41,Fantasy,690
2485,Book_1485,143,Story,822
2486,Book_1486,291,Science,593
2487,Book_1487,402,History,739
2488,Book_1488,364,History,376
2489,Book_1489,475,Story,717
2490,Book_1490,302,Novel,964
2491,Book_1491,453,Science,909
2492,Book_1492,220,Fantasy,379
2493,Book_1493,228,History,551
2494,Book_1494,171,History,337
2495,Book_1495,27,Novel,526
2496,Book_1496,442,History,624
2497,Book_1497,83,Science,736
2498,Book_1498,192,Fantasy,309
2499,Book_1499,235,Story,709
2500,Book_1500,245,History,438
2501,Book_1501,307,Story,280
2502,Book_1502,312,Story,439
2503,Book_1503,55,Novel,821
2504,Book_1504,117,Science,674
2505,Book_1505,110,Fantasy,654
2506,Book_1506,368,Novel,534
2507,Book_1507,105,Novel,466
2508,Book_1508,383,Fantasy,786
2509,Book_1509,108,Science,162
2510,Book_1510,389,Science,483
2511,Book_1511,215,Story,813
2512,Book_1512,54,Story,667
2513,Book_1513,27,Science,316
2514,Book_1514,478,Novel,676
2515,Book_1515,254,Science,527
2516,Book_1516,282,Science,179
2517,Book_1517,475,History,832
2518,Book_1518,224,Science,393
2519,Book_1519,266,Novel,723
2520,Book_1520,322,Novel,818
2521,Book_1521,453,Story,812
2522,Book_1522,430,Fantasy,186
2523,Book_1523,500,Story,599
2524,Book_1524,431,Story,612
2525,Book_1525,75,Story,407
2526,Book_1526,259,Science,858
2527,Book_1527,48,History,276
2528,Book_1528,37,Science,645
2529,Book_1529,188,Story,188
2530,Book_1530,272,Science,375
2531,Book_1531,494,Science,352
2532,Book_1532,87,Story,351
2533,Book_1533,272,Fantasy,807
2534,Book_1534,357,Fantasy,638
2535,Book_1535,423,History,738
2536,Book_1536,414,History,390
2537,Book_1537,389,Story,438
2538,Book_1538,64,History,160
2539,Book_1539,389,Novel,788
2540,Book_1540,162,Novel,962
2541,Book_1541,271,Story,617
2542,Book_1542,277,Novel,569
2543,Book_1543,370,Story,988
2544,Book_1544,279,Novel,960
2545,Book_1545,481,Story,477
2546,Book_1546,480,Fantasy,612
2547,Book_1547,383,Story,559
2548,Book_1548,238,Novel,553
2549,Book_1549,188,Novel,441
2550,Book_1550,109,History,514
2551,Book_1551,192,Novel,247
2552,Book_1552,229,Science,464
2553,Book_1553,359,Story,456
2554,Book_1554,377,Story,912
2555,Book_1555,169,Fantasy,366
2556,Book_1556,496,Novel,202
2557,Book_1557,492,Novel,874
2558,Book_1558,94,History,623
2559,Book_1559,167,Novel,422
2560,Book_1560,409,History,688
2561,Book_1561,463,Fantasy,217
2562,Book_1562,368,Story,162
2563,Book_1563,67,Science,505
2564,Book_1564,139,Science,189
2565,Book_1565,198,Novel,462
2566,Book_1566,355,Science,919
2567,Book_1567,128,Story,680
2568,Book_1568,299,Science,730
2569,Book_1569,136,Novel,155
2570,Book_1570,413,Story,949
2571,Book_1571,244,Story,508
2572,Book_1572,40,History,403
2573,Book_1573,286,History,308
2574,Book_1574,68,Science,292
2575,Book_1575,313,Fantasy,348
2576,Book_1576,67,Story,772
2577,Book_1577,454,Novel,280
2578,Book_1578,397,Novel,760
2579,Book_1579,143,Fantasy,510
2580,Book_1580,4,Story,867
2581,Book_1581,428,Novel,215
2582,Book_1582,409,Science,883
2583,Book_1583,222,Science,466
2584,Book_1584,351,Story,551
2585,Book_1585,219,Fantasy,952
2586,Book_1586,230,Fantasy,449
2587,Book_1587,453,Science,340
2588,Book_1588,499,Fantasy,158
2589,Book_1589,160,Story,861
2590,Book_1590,435,Novel,661
2591,Book_1591,31,Novel,231
2592,Book_1592,305,Science,152
2593,Book_1593,500,Story,285
2594,Book_1594,365,Science,974
2595,Book_1595,377,History,547
2596,Book_1596,114,History,782
2597,Book_1597,142,Story,890
2598,Book_1598,112,Story,242
2599,Book_1599,454,Fantasy,505
2600,Book_1600,45,Novel,972
2601,Book_1601,459,History,386
2602,Book_1602,105,Fantasy,964
2603,Book_1603,287,History,608
2604,Book_1604,406,Novel,591
2605,Book_1605,293,Fantasy,319
2606,Book_1606,93,History,254
2607,Book_1607,182,Story,853
2608,Book_1608,448,Science,775
2609,Book_1609,41,Science,591
2610,Book_1610,112,Novel,219
2611,Book_1611,341,Fantasy,486
2612,Book_1612,201,Fantasy,745
2613,Book_1613,168,Science,679
2614,Book_1614,318,History,816
2615,Book_1615,37,Story,571
2616,Book_1616,178,History,904
2617,Book_1617,255,Fantasy,859
2618,Book_1618,62,Science,487
2619,Book_1619,5,Story,461
2620,Book_1620,211,Story,346
2621,Book_1621,143,History,780
2622,Book_1622,24,Story,743
2623,Book_1623,159,Novel,826
2624,Book_1624,57,Fantasy,803
2625,Book_1625,302,Novel,334
2626,Book_1626,362,History,613
2627,Book_1627,292,Story,629
2628,Book_1628,221,Novel,294
2629,Book_1629,253,Fantasy,665
2630,Book_1630,150,Science,241
2631,Book_1631,290,Science,282
2632,Book_1632,351,History,388
2633,Book_1633,220,Science,214
2634,Book_1634,303,Fantasy,694
2635,Book_1635,267,Story,213
2636,Book_1636,362,Story,344
2637,Book_1637,10,Fantasy,393
2638,Book_1638,123,History,689
2639,Book_1639,333,Science,721
2640,Book_1640,213,Story,953
2641,Book_1641,121,Novel,374
2642,Book_1642,484,History,695
2643,Book_1643,494,Novel,821
2644,Book_1644,80,History,242
2645,Book_1645,409,Novel,295
2646,Book_1646,279,Fantasy,385
2647,Book_1647,185,Fantasy,898
2648,Book_1648,71,Novel,411
2649,Book_1649,450,Science,514
2650,Book_1650,305,Novel,711
2651,Book_1651,32,Science,188
2652,Book_1652,375,Fantasy,468
2653,Book_1653,476,Fantasy,841
2654,Book_1654,490,Science,464
2655,Book_1655,407,Science,644
2656,Book_1656,151,Novel,749
2657,Book_1657,489,Novel,881
2658,Book_1658,55,Science,225
2659,Book_1659,107,Novel,795
2660,Book_1660,5,Story,630
2661,Book_1661,468,Novel,367
2662,Book_1662,496,Fantasy,369
2663,Book_1663,466,Fantasy,442
2664,Book_1664,442,Science,626
2665,Book_1665,357,History,736
2666,Book_1666,366,History,365
2667,Book_1667,357,Science,535
2668,Book_1668,43,Novel,225
2669,Book_1669,496,Fantasy,889
2670,Book_1670,319,Science,359
2671,Book_1671,369,Fantasy,984
2672,Book_1672,471,Science,339
2673,Book_1673,329,History,831
2674,Book_1674,203,Science,895
2675,Book_1675,238,Story,402
2676,Book_1676,472,Science,164
2677,Book_1677,150,Fantasy,635
2678,Book_1678,253,Fantasy,922
2679,Book_1679,57,History,889
2680,Book_1680,355,Novel,369
2681,Book_1681,353,Science,547
2682,Book_1682,111,Science,213
2683,Book_1683,482,Story,929
2684,Book_1684,360,Science,585
2685,Book_1685,192,History,295
2686,Book_1686,410,Novel,674
2687,Book_1687,365,Story,196
2688,Book_1688,299,Story,927
2689,Book_1689,258,History,889
2690,Book_1690,239,Fantasy,458
2691,Book_1691,244,Story,171
2692,Book_1692,363,Science,594
2693,Book_1693,343,History,503
2694,Book_1694,224,Fantasy,373
2695,Book_1695,394,Fantasy,358
2696,Book_1696,343,Science,741
2697,Book_1697,457,Science,985
2698,Book_1698,139,History,575
2699,Book_1699,146,Fantasy,604
2700,Book_1700,34,Novel,483
2701,Book_1701,230,Fantasy,681
2702,Book_1702,421,Story,671
2703,Book_1703,463,Fantasy,404
2704,Book_1704,80,Story,410
2705,Book_1705,363,Story,571
2706,Book_1706,432,Novel,840
2707,Book_1707,220,Science,380
2708,Book_1708,70,Novel,236
2709,Book_1709,85,Science,766
2710,Book_1710,373,Science,964
2711,Book_1711,408,Story,449
2712,Book_1712,310,Science,424
2713,Book_1713,5,Fantasy,303
2714,Book_1714,62,Science,438
2715,Book_1715,379,Fantasy,855
2716,Book_1716,215,History,212
2717,Book_1717,340,Story,249
2718,Book_1718,459,Story,680
2719,Book_1719,250,Science,263
2720,Book_1720,475,Novel,517
2721,Book_1721,332,Fantasy,464
2722,Book_1722,19,Fantasy,971
2723,Book_1723,232,Novel,502
2724,Book_1724,146,History,792
2725,Book_1725,109,Fantasy,917
2726,Book_1726,141,Story,443
2727,Book_1727,262,Fantasy,718
2728,Book_1728,419,Novel,862
2729,Book_1729,19,Story,284
2730,Book_1730,197,Fantasy,497
2731,Book_1731,427,Science,321
2732,Book_1732,150,Novel,922
2733,Book_1733,496,Fantasy,168
2734,Book_1734,279,History,732
2735,Book_1735,12,Science,702
2736,Book_1736,424,Science,985
2737,Book_1737,395,Novel,976
2738,Book_1738,317,History,548
2739,Book_1739,55,Novel,738
2740,Book_1740,292,Novel,960
2741,Book_1741,197,Novel,661
2742,Book_1742,444,Story,512
2743,Book_1743,300,Novel,997
2744,Book_1744,210,Science,705
2745,Book_1745,164,Story,158
2746,Book_1746,66,Science,632
2747,Book_1747,129,Science,796
2748,Book_1748,264,Novel,576
2749,Book_1749,232,History,678
2750,Book_1750,152,Novel,203
2751,Book_1751,461,Science,307
2752,Book_1752,467,Fantasy,981
2753,Book_1753,398,Story,234
2754,Book_1754,234,Fantasy,263
2755,Book_1755,304,History,489
2756,Book_1756,410,Novel,358
2757,Book_1757,309,Fantasy,312
2758,Book_1758,447,Story,488
2759,Book_1759,395,Novel,363
2760,Book_1760,383,Fantasy,720
2761,Book_1761,299,Novel,652
2762,Book_1762,290,Science,983
2763,Book_1763,257,Science,545
2764,Book_1764,187,History,938
2765,Book_1765,327,History,636
2766,Book_1766,415,Story,845
2767,Book_1767,478,Story,150
2768,Book_1768,90,Fantasy,331
2769,Book_1769,334,Story,362
2770,Book_1770,440,Story,860
2771,Book_1771,125,Science,959
2772,Book_1772,71,Novel,646
2773,Book_1773,260,History,548
2774,Book_1774,202,History,804
2775,Book_1775,383,Science,707
2776,Book_1776,490,History,847
2777,Book_1777,352,Science,631
2778,Book_1778,144,Science,278
2779,Book_1779,344,Story,537
2780,Book_1780,19,Fantasy,774
2781,Book_1781,401,Story,600
2782,Book_1782,112,Story,549
2783,Book_1783,227,Novel,505
2784,Book_1784,363,Story,832
2785,Book_1785,80,Fantasy,756
2786,Book_1786,397,History,945
2787,Book_1787,251,Fantasy,306
2788,Book_1788,409,History,800
2789,Book_1789,457,Novel,826
2790,Book_1790,422,History,552
2791,Book_1791,463,Novel,225
2792,Book_1792,1,Novel,832
2793,Book_1793,39,Novel,284
2794,Book_1794,281,Fantasy,212
2795,Book_1795,107,Science,495
2796,Book_1796,350,Fantasy,828
2797,Book_1797,463,Fantasy,355
2798,Book_1798,423,Story,569
2799,Book_1799,42,Fantasy,268
2800,Book_1800,217,Science,491
2801,Book_1801,258,Novel,160
2802,Book_1802,464,Novel,301
2803,Book_1803,209,History,880
2804,Book_1804,109,Story,219
2805,Book_1805,445,Story,616
2806,Book_1806,455,History,174
2807,Book_1807,168,History,451
2808,Book_1808,338,Fantasy,957
2809,Book_1809,79,Science,203
2810,Book_1810,23,Fantasy,313
2811,Book_1811,392,Novel,788
2812,Book_1812,162,Novel,301
2813,Book_1813,130,Novel,389
2814,Book_1814,132,History,656
2815,Book_1815,256,Story,229
2816,Book_1816,68,Fantasy,180
2817,Book_1817,330,Story,311
2818,Book_1818,394,Story,399
2819,Book_1819,304,History,621
2820,Book_1820,473,Novel,153
2821,Book_1821,480,Story,731
2822,Book_1822,188,Story,426
2823,Book_1823,418,Novel,232
2824,Book_1824,154,Story,535
2825,Book_1825,423,Fantasy,708
2826,Book_1826,70,Fantasy,292
2827,Book_1827,153,History,273
2828,Book_1828,154,History,252
2829,Book_1829,396,Story,600
2830,Book_1830,205,Novel,181
2831,Book_1831,494,Science,638
2832,Book_1832,495,Novel,450
2833,Book_1833,356,Science,630
2834,Book_1834,189,Story,364
2835,Book_1835,245,History,354
2836,Book_1836,266,History,807
2837,Book_1837,116,Story,593
2838,Book_1838,358,Story,884
2839,Book_1839,187,Science,383
2840,Book_1840,25,Story,1000
2841,Book_1841,59,Fantasy,218
2842,Book_1842,357,Novel,367
2843,Book_1843,222,Fantasy,904
2844,Book_1844,209,Science,602
2845,Book_1845,419,Science,822
2846,Book_1846,305,History,819
2847,Book_1847,330,Science,530
2848,Book_1848,21,Story,847
2849,Book_1849,133,Story,996
2850,Book_1850,477,History,926
2851,Book_1851,379,Novel,956
2852,Book_1852,390,Science,354
2853,Book_1853,168,Novel,155
2854,Book_1854,446,Story,353
2855,Book_1855,482,Science,349
2856,Book_1856,156,Fantasy,825
2857,Book_1857,399,Fantasy,388
2858,Book_1858,15,Story,760
2859,Book_1859,143,Fantasy,335
2860,Book_1860,409,Novel,165
2861,Book_1861,179,Story,861
2862,Book_1862,290,Science,652
2863,Book_1863,234,Novel,381
2864,Book_1864,307,Fantasy,213
2865,Book_1865,43,Story,325
2866,Book_1866,102,Science,293
2867,Book_1867,383,Science,560
2868,Book_1868,301,Fantasy,234
2869,Book_1869,20,History,616
2870,Book_1870,411,History,512
2871,Book_1871,148,Fantasy,911
2872,Book_1872,401,Fantasy,533
2873,Book_1873,452,Novel,267
2874,Book_1874,199,Fantasy,429
2875,Book_1875,30,History,641
2876,Book_1876,142,Novel,653
2877,Book_1877,163,Science,905
2878,Book_1878,234,History,725
2879,Book_1879,431,History,375
2880,Book_1880,88,History,192
2881,Book_1881,206,Fantasy,346
2882,Book_1882,162,Story,908
2883,Book_1883,58,History,321
2884,Book_1884,216,Science,729
2885,Book_1885,130,History,892
2886,Book_1886,67,Novel,414
2887,Book_1887,123,Fantasy,734
2888,Book_1888,448,Story,614
2889,Book_1889,421,Science,167
2890,Book_1890,75,Fantasy,672
2891,Book_1891,71,Story,571
2892,Book_1892,19,Science,669
2893,Book_1893,470,Science,680
2894,Book_1894,491,Novel,546
2895,Book_1895,55,Fantasy,573
2896,Book_1896,238,Novel,820
2897,Book_1897,273,Science,981
2898,Book_1898,444,Science,177
2899,Book_1899,441,Fantasy,765
2900,Book_1900,32,Fantasy,415
2901,Book_1901,167,History,179
2902,Book_1902,72,History,206
2903,Book_1903,112,Fantasy,909
2904,Book_1904,50,Story,459
2905,Book_1905,381,Science,682
2906,Book_1906,400,Story,231
2907,Book_1907,500,History,657
2908,Book_1908,467,History,214
2909,Book_1909,219,Fantasy,793
2910,Book_1910,425,Story,950
2911,Book_1911,236,Science,776
2912,Book_1912,168,Fantasy,660
2913,Book_1913,499,History,229
2914,Book_1914,272,Story,168
2915,Book_1915,324,Novel,360
2916,Book_1916,312,History,863
2917,Book_1917,187,Science,677
2918,Book_1918,76,Story,869
2919,Book_1919,68,Science,927
2920,Book_1920,24,Novel,514
2921,Book_1921,327,Fantasy,851
2922,Book_1922,129,Fantasy,528
2923,Book_1923,478,Fantasy,566
2924,Book_1924,205,Science,598
2925,Book_1925,189,Fantasy,788
2926,Book_1926,359,Science,305
2927,Book_1927,410,Story,867
2928,Book_1928,245,Fantasy,802
2929,Book_1929,461,Fantasy,587
2930,Book_1930,492,History,632
2931,Book_1931,310,Novel,451
2932,Book_1932,272,Science,502
2933,Book_1933,254,Story,607
2934,Book_1934,75,Science,304
2935,Book_1935,449,Story,491
2936,Book_1936,400,Novel,849
2937,Book_1937,284,History,751
2938,Book_1938,187,Story,961
2939,Book_1939,216,Science,461
2940,Book_1940,139,Story,781
2941,Book_1941,6,Science,516
2942,Book_1942,42,Fantasy,647
2943,Book_1943,369,Science,620
2944,Book_1944,419,Novel,587
2945,Book_1945,130,Science,692
2946,Book_1946,77,Fantasy,301
2947,Book_1947,106,Science,274
2948,Book_1948,57,Fantasy,297
2949,Book_1949,241,History,968
2950,Book_1950,230,History,308
2951,Book_1951,482,Science,309
2952,Book_1952,436,Novel,343
2953,Book_1953,361,Science,492
2954,Book_1954,330,Fantasy,649
2955,Book_1955,149,Novel,596
2956,Book_1956,42,Story,177
2957,Book_1957,486,History,477
2958,Book_1958,208,Fantasy,402
2959,Book_1959,154,Science,508
2960,Book_1960,443,Science,482
2961,Book_1961,422,Fantasy,273
2962,Book_1962,346,Fantasy,184
2963,Book_1963,421,Fantasy,358
2964,Book_1964,372,History,261
2965,Book_1965,309,Fantasy,167
2966,Book_1966,133,Fantasy,263
2967,Book_1967,205,Science,451
2968,Book_1968,280,Fantasy,531
2969,Book_1969,74,Science,209
2970,Book_1970,54,Science,605
2971,Book_1971,471,Fantasy,157
2972,Book_1972,457,Science,794
2973,Book_1973,121,Story,471
2974,Book_1974,77,Story,646
2975,Book_1975,444,Story,438
2976,Book_1976,177,Story,813
2977,Book_1977,394,Story,779
2978,Book_1978,486,Novel,768
2979,Book_1979,233,Fantasy,837
2980,Book_1980,347,Science,622
2981,Book_1981,241,Fantasy,587
2982,Book_1982,217,Novel,380
2983,Book_1983,177,Novel,482
2984,Book_1984,54,Science,708
2985,Book_1985,367,Science,488
2986,Book_1986,73,Story,220
2987,Book_1987,410,Fantasy,658
2988,Book_1988,453,Science,629
2989,Book_1989,164,Science,706
2990,Book_1990,42,Science,761
2991,Book_1991,144,History,810
2992,Book_1992,59,History,977
2993,Book_1993,418,Story,576
2994,Book_1994,48,Story,984
2995,Book_1995,196,Novel,583
2996,Book_1996,471,History,373
2997,Book_1997,485,Story,153
2998,Book_1998,287,History,265
2999,Book_1999,479,Novel,233
3000,Book_2000,331,Fantasy,277
