Member_ID,Member_Name,City,Phone
1,Member_1,Jaipur,9885060580
2,Member_2,Pune,9865936187
3,Member_3,Lucknow,9820015698
4,Member_4,Lucknow,9896881285
5,Member_5,Lucknow,9850291831
6,Member_6,Lucknow,9869139402
7,Member_7,Lucknow,9893558474
8,Member_8,Jaipur,9891637087
9,Member_9,Mumbai,9871367990
10,Member_10,Jaipur,9874170703
11,Member_11,Lucknow,9824228823
12,Member_12,Pune,9847240774
13,Member_13,Mumbai,9845533085
14,Member_14,Delhi,9822700043
15,Member_15,Mumbai,9898445837
16,Member_16,Delhi,9810605830
17,Member_17,Pune,9855357884
18,Member_18,Delhi,9831719782
19,Member_19,Lucknow,9868938768
20,Member_20,Jaipur,9812322652
21,Member_21,Lucknow,9883747307
22,Member_22,Jaipur,9863920505
23,Member_23,Delhi,9863042616
24,Member_24,Delhi,9813690566
25,Member_25,Mumbai,9842232305
26,Member_26,Jaipur,9875240208
27,Member_27,Lucknow,9852130074
28,Member_28,Mumbai,9848715704
29,Member_29,Jaipur,9828686960
30,Member_30,Jaipur,9885980915
31,Member_31,Mumbai,9884358874
32,Member_32,Mumbai,9829565464
33,Member_33,Jaipur,9841802635
34,Member_34,Mumbai,9814115943
35,Member_35,Mumbai,9875723904
36,Member_36,Jaipur,9871467327
37,Member_37,Pune,9873040872
38,Member_38,Lucknow,9881277560
39,Member_39,Delhi,9866377102
40,Member_40,Mumbai,9860869677
41,Member_41,Pune,9893077617
42,Member_42,Delhi,9880572719
43,Member_43,Pune,9824595985
44,Member_44,Jaipur,9842959080
45,Member_45,Lucknow,9844488333
46,Member_46,Mumbai,9879938846
47,Member_47,Lucknow,9886195102
48,Member_48,Jaipur,9859311925
49,Member_49,Pune,9826256660
50,Member_50,Delhi,9856956820
51,Member_51,Lucknow,9869310713
52,Member_52,Pune,9866622760
53,Member_53,Jaipur,9868942671
54,Member_54,Lucknow,9860549981
55,Member_55,Jaipur,9813783101
56,Member_56,Delhi,9875495138
57,Member_57,Pune,9841006607
58,Member_58,Delhi,9812625752
59,Member_59,Pune,9820343772
60,Member_60,Mumbai,9873771402
61,Member_61,Delhi,9841018164
62,Member_62,Mumbai,9871696804
63,Member_63,Delhi,9832510307
64,Member_64,Pune,9873544189
65,Member_65,Pune,9835083304
66,Member_66,Mumbai,9815840019
67,Member_67,Pune,9897064928
68,Member_68,Lucknow,9882983511
69,Member_69,Jaipur,9870826117
70,Member_70,Jaipur,9847835602
71,Member_71,Mumbai,9811484584
72,Member_72,Pune,9873101213
73,Member_73,Mumbai,9836635509
74,Member_74,Mumbai,9834362115
75,Member_75,Pune,9819673507
76,Member_76,Pune,9832622770
77,Member_77,Lucknow,9894160420
78,Member_78,Jaipur,9850586351
79,Member_79,Mumbai,9871012063
80,Member_80,Lucknow,9822552363
81,Member_81,Pune,9891016035
82,Member_82,Pune,9840963349
83,Member_83,Delhi,9882562195
84,Member_84,Jaipur,9832069299
85,Member_85,Lucknow,9893539897
86,Member_86,Mumbai,9847882125
87,Member_87,Lucknow,9829950227
88,Member_88,Pune,9856030689
89,Member_89,Pune,9810428572
90,Member_90,Mumbai,9835254214
91,Member_91,Pune,9838604976
92,Member_92,Delhi,9817774933
93,Member_93,Delhi,9871645747
94,Member_94,Pune,9839855728
95,Member_95,Jaipur,9896184980
96,Member_96,Delhi,9820467038
97,Member_97,Jaipur,9830083482
98,Member_98,Mumbai,9833915676
99,Member_99,Delhi,9868487211
100,Member_100,Mumbai,9833047907
101,Member_101,Lucknow,9853031766
102,Member_102,Delhi,9869949733
103,Member_103,Jaipur,9877374168
104,Member_104,Pune,9848513079
105,Member_105,Jaipur,9827131288
106,Member_106,Jaipur,9892678270
107,Member_107,Jaipur,9817075685
108,Member_108,Mumbai,9825259497
109,Member_109,Lucknow,9875984776
110,Member_110,Mumbai,9878982921
111,Member_111,Pune,9824977009
112,Member_112,Pune,9830252487
113,Member_113,Pune,9895889972
114,Member_114,Lucknow,9845582646
115,Member_115,Delhi,9812448254
116,Member_116,Delhi,9859761374
117,Member_117,Jaipur,9834706751
118,Member_118,Delhi,9853923585
119,Member_119,Mumbai,9815681649
120,Member_120,Delhi,9813954386
121,Member_121,Pune,9843244593
122,Member_122,Delhi,9849092982
123,Member_123,Lucknow,9890294966
124,Member_124,Lucknow,9855336355
125,Member_125,Jaipur,9822000945
126,Member_126,Mumbai,9833508414
127,Member_127,Pune,9821984539
128,Member_128,Pune,9829386340
129,Member_129,Pune,9836021530
130,Member_130,Lucknow,9860829242
131,Member_131,Lucknow,9856535812
132,Member_132,Jaipur,9888798974
133,Member_133,Delhi,9843120334
134,Member_134,Mumbai,9822764235
135,Member_135,Mumbai,9821831176
136,Member_136,Pune,9880148715
137,Member_137,Pune,9820884150
138,Member_138,Delhi,9888798493
139,Member_139,Jaipur,9858366947
140,Member_140,Mumbai,9884666482
141,Member_141,Pune,9894435188
142,Member_142,Pune,9826716646
143,Member_143,Mumbai,9864567002
144,Member_144,Mumbai,9872266196
145,Member_145,Mumbai,9836431963
146,Member_146,Delhi,9868235488
147,Member_147,Delhi,9861151215
148,Member_148,Mumbai,9886552364
149,Member_149,Mumbai,9850461143
150,Member_150,Pune,9890769300
151,Member_151,Jaipur,9886968220
152,Member_152,Lucknow,9861853460
153,Member_153,Delhi,9824579632
154,Member_154,Pune,9870973441
155,Member_155,Lucknow,9898473101
156,Member_156,Lucknow,9838498060
157,Member_157,Jaipur,9854760646
158,Member_158,Mumbai,9894191101
159,Member_159,Pune,9853641161
160,Member_160,Mumbai,9890256957
161,Member_161,Delhi,9898618240
162,Member_162,Lucknow,9845672662
163,Member_163,Pune,9824420397
164,Member_164,Mumbai,9837389047
165,Member_165,Pune,9873134102
166,Member_166,Pune,9885725131
167,Member_167,Delhi,9817382577
168,Member_168,Lucknow,9828003815
169,Member_169,Lucknow,9876967283
170,Member_170,Jaipur,9838634176
171,Member_171,Pune,9844553961
172,Member_172,Jaipur,9830944543
173,Member_173,Pune,9825952118
174,Member_174,Pune,9839999266
175,Member_175,Pune,9851967127
176,Member_176,Mumbai,9826312662
177,Member_177,Lucknow,9838319023
178,Member_178,Lucknow,9827856049
179,Member_179,Jaipur,9881305405
180,Member_180,Delhi,9862159321
181,Member_181,Delhi,9861796327
182,Member_182,Mumbai,9862868344
183,Member_183,Pune,9892999557
184,Member_184,Jaipur,9863229168
185,Member_185,Jaipur,9829637683
186,Member_186,Delhi,9880235278
187,Member_187,Mumbai,9836783281
188,Member_188,Lucknow,9873480713
189,Member_189,Lucknow,9852631677
190,Member_190,Pune,9884812472
191,Member_191,Delhi,9880924712
192,Member_192,Jaipur,9844965653
193,Member_193,Delhi,9861165102
194,Member_194,Jaipur,9862776754
195,Member_195,Mumbai,9832884530
196,Member_196,Jaipur,9844839552
197,Member_197,Delhi,9864594109
198,Member_198,Delhi,9874096339
199,Member_199,Lucknow,9817203302
200,Member_200,Lucknow,9820955415
201,Member_201,Jaipur,9820672522
202,Member_202,Mumbai,9855257441
203,Member_203,Lucknow,9891985903
204,Member_204,Pune,9857737415
205,Member_205,Pune,9842423525
206,Member_206,Lucknow,9828438435
207,Member_207,Mumbai,9863832771
208,Member_208,Jaipur,9816228384
209,Member_209,Mumbai,9835227336
210,Member_210,Jaipur,9829809756
211,Member_211,Jaipur,9855502082
212,Member_212,Mumbai,9824583248
213,Member_213,Mumbai,9866457503
214,Member_214,Delhi,9878818872
215,Member_215,Pune,9882080876
216,Member_216,Pune,9856876071
217,Member_217,Lucknow,9840585865
218,Member_218,Pune,9861102688
219,Member_219,Delhi,9840206349
220,Member_220,Lucknow,9827221022
221,Member_221,Pune,9894051588
222,Member_222,Pune,9822401895
223,Member_223,Lucknow,9879181690
224,Member_224,Lucknow,9860660384
225,Member_225,Pune,9819841477
226,Member_226,Lucknow,9872666044
227,Member_227,Mumbai,9845389023
228,Member_228,Delhi,9880816664
229,Member_229,Pune,9866873015
230,Member_230,Mumbai,9857134936
231,Member_231,Lucknow,9854480457
232,Member_232,Lucknow,9879735506
233,Member_233,Delhi,9829430688
234,Member_234,Mumbai,9823284856
235,Member_235,Mumbai,9846593964
236,Member_236,Pune,9840061602
237,Member_237,Jaipur,9834753912
238,Member_238,Lucknow,9858024807
239,Member_239,Pune,9815228064
240,Member_240,Mumbai,9862174099
241,Member_241,Jaipur,9857422814
242,Member_242,Pune,9898816409
243,Member_243,Jaipur,9886662613
244,Member_244,Lucknow,9850566541
245,Member_245,Jaipur,9844931944
246,Member_246,Lucknow,9821023456
247,Member_247,Delhi,9823897695
248,Member_248,Jaipur,9846168259
249,Member_249,Pune,9838517995
250,Member_250,Lucknow,9884787430
251,Member_251,Jaipur,9836847520
252,Member_252,Mumbai,9847437947
253,Member_253,Delhi,9865986491
254,Member_254,Lucknow,9877915337
255,Member_255,Pune,9849240007
256,Member_256,Jaipur,9875190002
257,Member_257,Delhi,9865425308
258,Member_258,Mumbai,9836830586
259,Member_259,Lucknow,9826287551
260,Member_260,Jaipur,9858196394
261,Member_261,Jaipur,9882970381
262,Member_262,Delhi,9814194778
263,Member_263,Delhi,9853382022
264,Member_264,Mumbai,9869404534
265,Member_265,Delhi,9835867904
266,Member_266,Delhi,9869228309
267,Member_267,Mumbai,9821486157
268,Member_268,Lucknow,9818656217
269,Member_269,Delhi,9829358266
270,Member_270,Lucknow,9826838124
271,Member_271,Lucknow,9868528997
272,Member_272,Lucknow,9849515283
273,Member_273,Delhi,9891512582
274,Member_274,Pune,9883041857
275,Member_275,Delhi,9890141827
276,Member_276,Delhi,9894036859
277,Member_277,Jaipur,9885024748
278,Member_278,Jaipur,9859022274
279,Member_279,Delhi,9841308424
280,Member_280,Jaipur,9899472245
281,Member_281,Jaipur,9830334959
282,Member_282,Delhi,9861118907
283,Member_283,Delhi,9827783463
284,Member_284,Pune,9899953783
285,Member_285,Lucknow,9884502731
286,Member_286,Delhi,9890823576
287,Member_287,Lucknow,9851344654
288,Member_288,Pune,9837760023
289,Member_289,Lucknow,9874957916
290,Member_290,Delhi,9861100036
291,Member_291,Pune,9810608736
292,Member_292,Delhi,9850542512
293,Member_293,Mumbai,9886094803
294,Member_294,Jaipur,9860729406
295,Member_295,Delhi,9862539460
296,Member_296,Delhi,9898038591
297,Member_297,Jaipur,9822090555
298,Member_298,Mumbai,9818399342
299,Member_299,Lucknow,9880720306
300,Member_300,Lucknow,9884250432
301,Member_301,Pune,9877708567
302,Member_302,Delhi,9829291317
303,Member_303,Lucknow,9875121557
304,Member_304,Jaipur,9859340453
305,Member_305,Mumbai,9883505514
306,Member_306,Delhi,9837697789
307,Member_307,Pune,9882746773
308,Member_308,Delhi,9876684134
309,Member_309,Jaipur,9870781426
310,Member_310,Mumbai,9829804497
311,Member_311,Pune,9863718685
312,Member_312,Lucknow,9846598127
313,Member_313,Jaipur,9871542718
314,Member_314,Jaipur,9859701055
315,Member_315,Lucknow,9892931187
316,Member_316,Jaipur,9821256448
317,Member_317,Delhi,9838954184
318,Member_318,Jaipur,9839911885
319,Member_319,Mumbai,9891821239
320,Member_320,Pune,9868155779
321,Member_321,Jaipur,9822898764
322,Member_322,Delhi,9813926018
323,Member_323,Mumbai,9896724263
324,Member_324,Pune,9842219382
325,Member_325,Mumbai,9880999917
326,Member_326,Mumbai,9883687185
327,Member_327,Delhi,9878464229
328,Member_328,Mumbai,9818257351
329,Member_329,Pune,9895524253
330,Member_330,Pune,9888709843
331,Member_331,Pune,9856717642
332,Member_332,Lucknow,9859891221
333,Member_333,Mumbai,9810199266
334,Member_334,Jaipur,9888009798
335,Member_335,Lucknow,9827568864
336,Member_336,Mumbai,9861152000
337,Member_337,Delhi,9834466225
338,Member_338,Delhi,9845553965
339,Member_339,Pune,9839306699
340,Member_340,Lucknow,9898433927
341,Member_341,Mumbai,9842679370
342,Member_342,Lucknow,9898790228
343,Member_343,Jaipur,9837233905
344,Member_344,Lucknow,9886567231
345,Member_345,Lucknow,9815788800
346,Member_346,Mumbai,9888405435
347,Member_347,Delhi,9894167904
348,Member_348,Mumbai,9823467354
349,Member_349,Delhi,9849078530
350,Member_350,Mumbai,9883451910
351,Member_351,Lucknow,9891919052
352,Member_352,Pune,9834694828
353,Member_353,Jaipur,9899203402
354,Member_354,Mumbai,9831931220
355,Member_355,Jaipur,9829747694
356,Member_356,Lucknow,9896585309
357,Member_357,Delhi,9870059498
358,Member_358,Mumbai,9848648438
359,Member_359,Pune,9856943040
360,Member_360,Lucknow,9842527784
361,Member_361,Jaipur,9815834346
362,Member_362,Mumbai,9897391984
363,Member_363,Mumbai,9846081503
364,Member_364,Mumbai,9867746968
365,Member_365,Pune,9841557135
366,Member_366,Pune,9875786716
367,Member_367,Lucknow,9837101257
368,Member_368,Lucknow,9878926559
369,Member_369,Jaipur,9852354234
370,Member_370,Delhi,9841211194
371,Member_371,Mumbai,9882444442
372,Member_372,Mumbai,9866826496
373,Member_373,Delhi,9883013378
374,Member_374,Delhi,9865926254
375,Member_375,Lucknow,9878798181
376,Member_376,Lucknow,9890656833
377,Member_377,Lucknow,9822698880
378,Member_378,Mumbai,9817905831
379,Member_379,Lucknow,9838004282
380,Member_380,Jaipur,9838320641
381,Member_381,Lucknow,9880537248
382,Member_382,Jaipur,9892603326
383,Member_383,Jaipur,9890974397
384,Member_384,Lucknow,9860231224
385,Member_385,Delhi,9860518588
386,Member_386,Pune,9878194366
387,Member_387,Pune,9851982995
388,Member_388,Mumbai,9866598575
389,Member_389,Jaipur,9843073278
390,Member_390,Mumbai,9820080441
391,Member_391,Mumbai,9821471062
392,Member_392,Pune,9866388350
393,Member_393,Mumbai,9876086581
394,Member_394,Pune,9814507368
395,Member_395,Lucknow,9856267976
396,Member_396,Lucknow,9872313731
397,Member_397,Lucknow,9837423370
398,Member_398,Delhi,9848307365
399,Member_399,Mumbai,9830266454
400,Member_400,Mumbai,9855199232
401,Member_401,Jaipur,9849817275
402,Member_402,Jaipur,9888115245
403,Member_403,Lucknow,9867130806
404,Member_404,Pune,9860208906
405,Member_405,Pune,9844803706
406,Member_406,Mumbai,9870873554
407,Member_407,Lucknow,9854247238
408,Member_408,Delhi,9887621136
409,Member_409,Mumbai,9822789953
410,Member_410,Mumbai,9843167800
411,Member_411,Pune,9829309451
412,Member_412,Jaipur,9869995265
413,Member_413,Lucknow,9843648866
414,Member_414,Delhi,9865928337
415,Member_415,Pune,9829202224
416,Member_416,Pune,9819287327
417,Member_417,Mumbai,9861850243
418,Member_418,Mumbai,9863677825
419,Member_419,Jaipur,9878486751
420,Member_420,Jaipur,9822103327
421,Member_421,Lucknow,9838368501
422,Member_422,Delhi,9828610122
423,Member_423,Lucknow,9825001301
424,Member_424,Lucknow,9879467890
425,Member_425,Jaipur,9842898679
426,Member_426,Lucknow,9874819036
427,Member_427,Jaipur,9820984550
428,Member_428,Mumbai,9810780726
429,Member_429,Pune,9817543538
430,Member_430,Jaipur,9871680557
431,Member_431,Mumbai,9877098184
432,Member_432,Lucknow,9837084756
433,Member_433,Mumbai,9890939403
434,Member_434,Delhi,9855662153
435,Member_435,Mumbai,9874250390
436,Member_436,Pune,9833978503
437,Member_437,Jaipur,9876762582
438,Member_438,Jaipur,9880823817
439,Member_439,Lucknow,9816455013
440,Member_440,Mumbai,9835815454
441,Member_441,Delhi,9851284840
442,Member_442,Lucknow,9819592209
443,Member_443,Mumbai,9896933639
444,Member_444,Delhi,9860558002
445,Member_445,Pune,9878504984
446,Member_446,Mumbai,9848274815
447,Member_447,Mumbai,9832916406
448,Member_448,Pune,9878266228
449,Member_449,Mumbai,9899561504
450,Member_450,Pune,9870203155
451,Member_451,Jaipur,9838381136
452,Member_452,Jaipur,9836088824
453,Member_453,Delhi,9837630269
454,Member_454,Jaipur,9860496999
455,Member_455,Pune,9857840661
456,Member_456,Lucknow,9815923819
457,Member_457,Lucknow,9821860932
458,Member_458,Mumbai,9876229679
459,Member_459,Mumbai,9857314562
460,Member_460,Pune,9834264801
461,Member_461,Delhi,9874697651
462,Member_462,Lucknow,9857834736
463,Member_463,Pune,9856610204
464,Member_464,Jaipur,9879181049
465,Member_465,Jaipur,9839217453
466,Member_466,Jaipur,9827952599
467,Member_467,Mumbai,9865636550
468,Member_468,Delhi,9842199294
469,Member_469,Pune,9850199281
470,Member_470,Jaipur,9872243853
471,Member_471,Pune,9894469991
472,Member_472,Lucknow,9812189678
473,Member_473,Lucknow,9875485423
474,Member_474,Mumbai,9813570057
475,Member_475,Lucknow,9861985455
476,Member_476,Mumbai,9848357312
477,Member_477,Jaipur,9860699155
478,Member_478,Mumbai,9889389699
479,Member_479,Lucknow,9813451055
480,Member_480,Mumbai,9896267555
481,Member_481,Lucknow,9855644495
482,Member_482,Pune,9869747390
483,Member_483,Pune,9820568335
484,Member_484,Delhi,9879627288
485,Member_485,Pune,9831105174
486,Member_486,Mumbai,9817105615
487,Member_487,Pune,9873417686
488,Member_488,Mumbai,9891834212
489,Member_489,Delhi,9814666602
490,Member_490,Delhi,9874065957
491,Member_491,Lucknow,9872682396
492,Member_492,Lucknow,9842598655
493,Member_493,Lucknow,9833601769
494,Member_494,Delhi,9842580114
495,Member_495,Pune,9850857473
496,Member_496,Mumbai,9813363080
497,Member_497,Delhi,9837583042
498,Member_498,Lucknow,9899169029
499,Member_499,Pune,9876546108
500,Member_500,Pune,9851150962
501,Member_501,Delhi,9894695777
502,Member_502,Lucknow,9828632934
503,Member_503,Pune,9852003161
504,Member_504,Pune,9888785939
505,Member_505,Jaipur,9855584732
506,Member_506,Delhi,9849864792
507,Member_507,Mumbai,9844247350
508,Member_508,Lucknow,9877471381
509,Member_509,Jaipur,9839888920
510,Member_510,Delhi,9852038054
511,Member_511,Lucknow,9824883763
512,Member_512,Delhi,9867241385
513,Member_513,Pune,9843865874
514,Member_514,Delhi,9828792328
515,Member_515,Jaipur,9850982392
516,Member_516,Pune,9856088941
517,Member_517,Lucknow,9834024801
518,Member_518,Delhi,9872825574
519,Member_519,Pune,9831936371
520,Member_520,Jaipur,9840797919
521,Member_521,Lucknow,9831871264
522,Member_522,Jaipur,9867261810
523,Member_523,Jaipur,9863443688
524,Member_524,Delhi,9851920457
525,Member_525,Delhi,9892256035
526,Member_526,Lucknow,9831820492
527,Member_527,Jaipur,9868416031
528,Member_528,Lucknow,9895823760
529,Member_529,Mumbai,9818471561
530,Member_530,Delhi,9884916924
531,Member_531,Jaipur,9874327430
532,Member_532,Jaipur,9890492071
533,Member_533,Jaipur,9827777915
534,Member_534,Mumbai,9815977285
535,Member_535,Jaipur,9850475174
536,Member_536,Lucknow,9886786051
537,Member_537,Lucknow,9844514593
538,Member_538,Jaipur,9856801770
539,Member_539,Jaipur,9854709268
540,Member_540,Jaipur,9859049375
541,Member_541,Jaipur,9814551616
542,Member_542,Mumbai,9867341141
543,Member_543,Mumbai,9876650282
544,Member_544,Pune,9898280661
545,Member_545,Pune,9842635835
546,Member_546,Delhi,9892806026
547,Member_547,Pune,9849282136
548,Member_548,Jaipur,9814537815
549,Member_549,Pune,9874177456
550,Member_550,Lucknow,9831960899
551,Member_551,Delhi,9888791895
552,Member_552,Jaipur,9883470380
553,Member_553,Mumbai,9816725080
554,Member_554,Jaipur,9888030150
555,Member_555,Jaipur,9855548769
556,Member_556,Pune,9818866688
557,Member_557,Jaipur,9890976875
558,Member_558,Mumbai,9889462060
559,Member_559,Mumbai,9829504084
560,Member_560,Lucknow,9894709349
561,Member_561,Jaipur,9852137125
562,Member_562,Mumbai,9891308075
563,Member_563,Lucknow,9899516330
564,Member_564,Mumbai,9810118165
565,Member_565,Mumbai,9816799942
566,Member_566,Delhi,9820264127
567,Member_567,Lucknow,9858524602
568,Member_568,Lucknow,9835190484
569,Member_569,Mumbai,9810659788
570,Member_570,Lucknow,9814246488
571,Member_571,Mumbai,9818325403
572,Member_572,Lucknow,9825109376
573,Member_573,Pune,9860237036
574,Member_574,Jaipur,9890646153
575,Member_575,Mumbai,9861110058
576,Member_576,Jaipur,9895729028
577,Member_577,Delhi,9852729017
578,Member_578,Lucknow,9894838267
579,Member_579,Delhi,9872771675
580,Member_580,Mumbai,9864182293
581,Member_581,Jaipur,9820735119
582,Member_582,Lucknow,9890706614
583,Member_583,Jaipur,9860465228
584,Member_584,Delhi,9856199280
585,Member_585,Jaipur,9849354929
586,Member_586,Mumbai,9863469470
587,Member_587,Lucknow,9864252051
588,Member_588,Pune,9816688108
589,Member_589,Delhi,9864715769
590,Member_590,Jaipur,9867491122
591,Member_591,Jaipur,9831098551
592,Member_592,Mumbai,9854373058
593,Member_593,Mumbai,9828928435
594,Member_594,Lucknow,9865475494
595,Member_595,Pune,9810799490
596,Member_596,Pune,9860013900
597,Member_597,Pune,9820750487
598,Member_598,Lucknow,9827686495
599,Member_599,Delhi,9828992063
600,Member_600,Delhi,9851436861
601,Member_601,Pune,9854687271
602,Member_602,Delhi,9820626600
603,Member_603,Mumbai,9828427766
604,Member_604,Mumbai,9852614307
605,Member_605,Mumbai,9831132541
606,Member_606,Lucknow,9836723742
607,Member_607,Lucknow,9859991450
608,Member_608,Mumbai,9851763985
609,Member_609,Jaipur,9834611675
610,Member_610,Lucknow,9813311970
611,Member_611,Jaipur,9833921491
612,Member_612,Delhi,9814245996
613,Member_613,Mumbai,9865599045
614,Member_614,Pune,9878848836
615,Member_615,Mumbai,9817642469
616,Member_616,Delhi,9890900074
617,Member_617,Jaipur,9878936277
618,Member_618,Jaipur,9866925890
619,Member_619,Pune,9873087580
620,Member_620,Jaipur,9869190697
621,Member_621,Lucknow,9896803120
622,Member_622,Jaipur,9893128218
623,Member_623,Delhi,9885832492
624,Member_624,Pune,9824270589
625,Member_625,Pune,9840768789
626,Member_626,Delhi,9841885682
627,Member_627,Delhi,9837592987
628,Member_628,Mumbai,9898067237
629,Member_629,Lucknow,9864382751
630,Member_630,Mumbai,9885794653
631,Member_631,Mumbai,9885449052
632,Member_632,Mumbai,9875475672
633,Member_633,Jaipur,9896184913
634,Member_634,Mumbai,9894330513
635,Member_635,Delhi,9861426459
636,Member_636,Lucknow,9858177971
637,Member_637,Delhi,9890801972
638,Member_638,Lucknow,9895561698
639,Member_639,Lucknow,9817866300
640,Member_640,Mumbai,9891877068
641,Member_641,Pune,9833277208
642,Member_642,Jaipur,9891728967
643,Member_643,Lucknow,9819156132
644,Member_644,Pune,9821611307
645,Member_645,Pune,9879803809
646,Member_646,Pune,9827403356
647,Member_647,Jaipur,9895670844
648,Member_648,Delhi,9852333305
649,Member_649,Delhi,9829774669
650,Member_650,Jaipur,9827484485
651,Member_651,Mumbai,9899261964
652,Member_652,Delhi,9892685802
653,Member_653,Jaipur,9810090560
654,Member_654,Delhi,9819277592
655,Member_655,Jaipur,9858458363
656,Member_656,Lucknow,9816445482
657,Member_657,Jaipur,9896957774
658,Member_658,Jaipur,9820397759
659,Member_659,Lucknow,9870994072
660,Member_660,Jaipur,9812369766
661,Member_661,Pune,9857767499
662,Member_662,Lucknow,9820786132
663,Member_663,Pune,9818640025
664,Member_664,Mumbai,9833771044
665,Member_665,Jaipur,9810584733
666,Member_666,Jaipur,9862971084
667,Member_667,Mumbai,9886401116
668,Member_668,Mumbai,9830743711
669,Member_669,Lucknow,9826472949
670,Member_670,Pune,9880275149
671,Member_671,Lucknow,9890083594
672,Member_672,Delhi,9893588153
673,Member_673,Jaipur,9833732103
674,Member_674,Jaipur,9851451862
675,Member_675,Delhi,9850260150
676,Member_676,Delhi,9893323832
677,Member_677,Delhi,9886698282
678,Member_678,Pune,9882133842
679,Member_679,Lucknow,9887291221
680,Member_680,Jaipur,9848709966
681,Member_681,Lucknow,9848732692
682,Member_682,Jaipur,9868949431
683,Member_683,Jaipur,9871960977
684,Member_684,Jaipur,9830061760
685,Member_685,Pune,9888164927
686,Member_686,Pune,9820402623
687,Member_687,Pune,9814550358
688,Member_688,Jaipur,9863184011
689,Member_689,Mumbai,9875715955
690,Member_690,Jaipur,9897791851
691,Member_691,Pune,9899446935
692,Member_692,Pune,9826311186
693,Member_693,Jaipur,9848844942
694,Member_694,Lucknow,9839765520
695,Member_695,Mumbai,9862419749
696,Member_696,Jaipur,9888400092
697,Member_697,Delhi,9863982746
698,Member_698,Mumbai,9844063417
699,Member_699,Delhi,9844031821
700,Member_700,Mumbai,9855485885
701,Member_701,Delhi,9844689052
702,Member_702,Lucknow,9824005425
703,Member_703,Mumbai,9842445057
704,Member_704,Lucknow,9853493623
705,Member_705,Lucknow,9864602097
706,Member_706,Delhi,9878433657
707,Member_707,Jaipur,9872873736
708,Member_708,Delhi,9868314917
709,Member_709,Mumbai,9862889767
710,Member_710,Jaipur,9886615022
711,Member_711,Pune,9892767015
712,Member_712,Jaipur,9827180460
713,Member_713,Mumbai,9860689882
714,Member_714,Delhi,9812403920
715,Member_715,Delhi,9869159469
716,Member_716,Delhi,9856433553
717,Member_717,Jaipur,9869784261
718,Member_718,Pune,9834917508
719,Member_719,Mumbai,9869155522
720,Member_720,Jaipur,9838756312
721,Member_721,Mumbai,9862243226
722,Member_722,Pune,9869440776
723,Member_723,Pune,9846823726
724,Member_724,Mumbai,9850295016
725,Member_725,Delhi,9893413173
726,Member_726,Jaipur,9883435342
727,Member_727,Delhi,9881016085
728,Member_728,Jaipur,9874366156
729,Member_729,Jaipur,9889645283
730,Member_730,Jaipur,9842708389
731,Member_731,Delhi,9877062137
732,Member_732,Delhi,9870388758
733,Member_733,Jaipur,9883144165
734,Member_734,Mumbai,9825141314
735,Member_735,Pune,9880032026
736,Member_736,Lucknow,9888087376
737,Member_737,Mumbai,9879916213
738,Member_738,Delhi,9870496239
739,Member_739,Mumbai,9825025072
740,Member_740,Delhi,9873911602
741,Member_741,Pune,9887336439
742,Member_742,Jaipur,9850589384
743,Member_743,Delhi,9854790877
744,Member_744,Jaipur,9861584639
745,Member_745,Mumbai,9867883029
746,Member_746,Mumbai,9877320682
747,Member_747,Jaipur,9870229947
748,Member_748,Delhi,9873858147
749,Member_749,Pune,9864961652
750,Member_750,Jaipur,9887446654
751,Member_751,Jaipur,9819116862
752,Member_752,Delhi,9861572303
753,Member_753,Delhi,9845891492
754,Member_754,Lucknow,9814314034
755,Member_755,Delhi,9883052347
756,Member_756,Pune,9820026774
757,Member_757,Lucknow,9873064864
758,Member_758,Lucknow,9899982432
759,Member_759,Mumbai,9863705638
760,Member_760,Delhi,9845088287
761,Member_761,Lucknow,9862594349
762,Member_762,Lucknow,9870736698
763,Member_763,Delhi,9842578062
764,Member_764,Jaipur,9827546782
765,Member_765,Delhi,9876960633
766,Member_766,Lucknow,9838121853
767,Member_767,Delhi,9871993234
768,Member_768,Mumbai,9864257121
769,Member_769,Lucknow,9868340801
770,Member_770,Delhi,9847679655
771,Member_771,Delhi,9815850272
772,Member_772,Lucknow,9866161686
773,Member_773,Mumbai,9889930476
774,Member_774,Mumbai,9835373429
775,Member_775,Jaipur,9860502572
776,Member_776,Pune,9820631640
777,Member_777,Jaipur,9815671745
778,Member_778,Lucknow,9829617554
779,Member_779,Lucknow,9831338735
780,Member_780,Pune,9815330231
781,Member_781,Pune,9888538916
782,Member_782,Pune,9814209101
783,Member_783,Jaipur,9880256799
784,Member_784,Pune,9849451586
785,Member_785,Delhi,9875441380
786,Member_786,Delhi,9831937575
787,Member_787,Jaipur,9861445501
788,Member_788,Lucknow,9845421715
789,Member_789,Lucknow,9813015209
790,Member_790,Lucknow,9814692217
791,Member_791,Pune,9816594549
792,Member_792,Pune,9836772707
793,Member_793,Pune,9834278516
794,Member_794,Mumbai,9828560364
795,Member_795,Delhi,9815460691
796,Member_796,Delhi,9830742002
797,Member_797,Pune,9852407454
798,Member_798,Lucknow,9889515204
799,Member_799,Jaipur,9890410810
800,Member_800,Lucknow,9812879657
801,Member_801,Lucknow,9887531267
802,Member_802,Jaipur,9860913734
803,Member_803,Mumbai,9880517473
804,Member_804,Mumbai,9883830384
805,Member_805,Delhi,9865992645
806,Member_806,Jaipur,9861775086
807,Member_807,Mumbai,9884760160
808,Member_808,Delhi,9890017370
809,Member_809,Jaipur,9885475814
810,Member_810,Pune,9865039817
811,Member_811,Lucknow,9884898391
812,Member_812,Mumbai,9827809011
813,Member_813,Lucknow,9833708374
814,Member_814,Delhi,9886202165
815,Member_815,Delhi,9849978865
816,Member_816,Mumbai,9857215311
817,Member_817,Lucknow,9876784392
818,Member_818,Jaipur,9831541103
819,Member_819,Jaipur,9845876904
820,Member_820,Mumbai,9845436111
821,Member_821,Delhi,9878347301
822,Member_822,Pune,9842856424
823,Member_823,Jaipur,9884648810
824,Member_824,Mumbai,9845264970
825,Member_825,Mumbai,9895483927
826,Member_826,Mumbai,9817623582
827,Member_827,Lucknow,9857863716
828,Member_828,Mumbai,9892970369
829,Member_829,Mumbai,9850866757
830,Member_830,Delhi,9866956601
831,Member_831,Lucknow,9876137508
832,Member_832,Delhi,9833296397
833,Member_833,Jaipur,9860766066
834,Member_834,Lucknow,9897768892
835,Member_835,Pune,9851186196
836,Member_836,Pune,9831251508
837,Member_837,Pune,9899619243
838,Member_838,Jaipur,9859478807
839,Member_839,Delhi,9867614149
840,Member_840,Mumbai,9858761201
841,Member_841,Delhi,9857295540
842,Member_842,Mumbai,9818862629
843,Member_843,Pune,9881711582
844,Member_844,Pune,9815768839
845,Member_845,Jaipur,9857529446
846,Member_846,Jaipur,9811677478
847,Member_847,Lucknow,9898512828
848,Member_848,Delhi,9810299635
849,Member_849,Delhi,9887016378
850,Member_850,Mumbai,9872028950
851,Member_851,Delhi,9839062629
852,Member_852,Pune,9818913292
853,Member_853,Jaipur,9828514092
854,Member_854,Lucknow,9834736215
855,Member_855,Lucknow,9891433920
856,Member_856,Delhi,9879187837
857,Member_857,Pune,9874317761
858,Member_858,Mumbai,9860264873
859,Member_859,Mumbai,9826231601
860,Member_860,Mumbai,9820428334
861,Member_861,Lucknow,9831645087
862,Member_862,Mumbai,9840121298
863,Member_863,Pune,9824363617
864,Member_864,Delhi,9890865548
865,Member_865,Mumbai,9810848096
866,Member_866,Jaipur,9838891883
867,Member_867,Delhi,9895358838
868,Member_868,Lucknow,9835725351
869,Member_869,Jaipur,9860493568
870,Member_870,Pune,9830036718
871,Member_871,Pune,9859906111
872,Member_872,Jaipur,9860823296
873,Member_873,Delhi,9891991674
874,Member_874,Jaipur,9836061035
875,Member_875,Pune,9811095164
876,Member_876,Lucknow,9869906707
877,Member_877,Mumbai,9832201418
878,Member_878,Delhi,9877241015
879,Member_879,Pune,9872854199
880,Member_880,Mumbai,9821070322
881,Member_881,Delhi,9838860284
882,Member_882,Jaipur,9828818272
883,Member_883,Mumbai,9842148268
884,Member_884,Jaipur,9858461594
885,Member_885,Jaipur,9880084758
886,Member_886,Delhi,9886749010
887,Member_887,Jaipur,9836556546
888,Member_888,Lucknow,9814320995
889,Member_889,Delhi,9833391751
890,Member_890,Lucknow,9827253271
891,Member_891,Lucknow,9877825178
892,Member_892,Mumbai,9842182208
893,Member_893,Delhi,9859870177
894,Member_894,Mumbai,9883612449
895,Member_895,Mumbai,9867904370
896,Member_896,Jaipur,9843026602
897,Member_897,Pune,9856484007
898,Member_898,Jaipur,9882145374
899,Member_899,Mumbai,9849620337
900,Member_900,Jaipur,9841780474
901,Member_901,Delhi,9883213607
902,Member_902,Delhi,9854250482
903,Member_903,Pune,9884660455
904,Member_904,Mumbai,9826898451
905,Member_905,Lucknow,9852646129
906,Member_906,Jaipur,9848173196
907,Member_907,Jaipur,9813124336
908,Member_908,Jaipur,9843258303
909,Member_909,Delhi,9852680835
910,Member_910,Lucknow,9816807637
911,Member_911,Mumbai,9863593084
912,Member_912,Delhi,9869049878
913,Member_913,Lucknow,9876308982
914,Member_914,Jaipur,9884036033
915,Member_915,Mumbai,9870064698
916,Member_916,Delhi,9895685317
917,Member_917,Mumbai,9897463049
918,Member_918,Mumbai,9895301022
919,Member_919,Pune,9891169537
920,Member_920,Pune,9811009723
921,Member_921,Delhi,9899620237
922,Member_922,Lucknow,9812460409
923,Member_923,Mumbai,9877802899
924,Member_924,Pune,9846768092
925,Member_925,Jaipur,9837526967
926,Member_926,Lucknow,9885025868
927,Member_927,Mumbai,9870697822
928,Member_928,Delhi,9861049989
929,Member_929,Jaipur,9862990209
930,Member_930,Lucknow,9817406594
931,Member_931,Delhi,9848821655
932,Member_932,Pune,9841455266
933,Member_933,Mumbai,9871697207
934,Member_934,Jaipur,9873104746
935,Member_935,Lucknow,9815063801
936,Member_936,Jaipur,9835651007
937,Member_937,Delhi,9853135015
938,Member_938,Pune,9867442663
939,Member_939,Mumbai,9831089138
940,Member_940,Pune,9888991281
941,Member_941,Pune,9883784728
942,Member_942,Jaipur,9860270089
943,Member_943,Delhi,9898275070
944,Member_944,Pune,9867021750
945,Member_945,Jaipur,9866908921
946,Member_946,Lucknow,9874300770
947,Member_947,Mumbai,9823190462
948,Member_948,Mumbai,9879394254
949,Member_949,Jaipur,9870558258
950,Member_950,Jaipur,9872687165
951,Member_951,Delhi,9823759668
952,Member_952,Delhi,9863836298
953,Member_953,Lucknow,9845699851
954,Member_954,Mumbai,9897892321
955,Member_955,Lucknow,9886959967
956,Member_956,Pune,9889880966
957,Member_957,Lucknow,9882412783
958,Member_958,Jaipur,9825151562
959,Member_959,Jaipur,9811666368
960,Member_960,Mumbai,9875582425
961,Member_961,Lucknow,9845300136
962,Member_962,Jaipur,9845797846
963,Member_963,Delhi,9831759145
964,Member_964,Lucknow,9823159765
965,Member_965,Delhi,9838457335
966,Member_966,Pune,9834160293
967,Member_967,Mumbai,9849025487
968,Member_968,Jaipur,9825479514
969,Member_969,Mumbai,9896905949
970,Member_970,Delhi,9866140787
971,Member_971,Pune,9831059666
972,Member_972,Mumbai,9887792552
973,Member_973,Mumbai,9891604380
974,Member_974,Pune,9883561026
975,Member_975,Mumbai,9826514335
976,Member_976,Pune,9898148494
977,Member_977,Lucknow,9837113473
978,Member_978,Pune,9893776987
979,Member_979,Delhi,9891109032
980,Member_980,Mumbai,9833662972
981,Member_981,Pune,9898329907
982,Member_982,Jaipur,9835567858
983,Member_983,Mumbai,9897074673
984,Member_984,Lucknow,9824867653
985,Member_985,Pune,9888160932
986,Member_986,Jaipur,9846164562
987,Member_987,Mumbai,9810351489
988,Member_988,Jaipur,9850703103
989,Member_989,Lucknow,9882371703
990,Member_990,Lucknow,9864260639
991,Member_991,Delhi,9852554086
992,Member_992,Pune,9828094228
993,Member_993,Pune,9845922317
994,Member_994,Jaipur,9869240820
995,Member_995,Mumbai,9871894021
996,Member_996,Mumbai,9861496423
997,Member_997,Lucknow,9822545137
998,Member_998,Lucknow,9826346304
999,Member_999,Jaipur,9835098378
1000,Member_1000,Pune,9851548919
1001,Member_1001,Lucknow,9849498720
1002,Member_1002,Pune,9836760322
1003,Member_1003,Pune,9897281145
1004,Member_1004,Mumbai,9899979568
1005,Member_1005,Jaipur,9838856644
1006,Member_1006,Jaipur,9896365490
1007,Member_1007,Delhi,9867864013
1008,Member_1008,Mumbai,9845164725
1009,Member_1009,Jaipur,9881775105
1010,Member_1010,Mumbai,9827714369
1011,Member_1011,Jaipur,9898863190
1012,Member_1012,Delhi,9855256867
1013,Member_1013,Delhi,9869848039
1014,Member_1014,Pune,9895639371
1015,Member_1015,Delhi,9899095916
1016,Member_1016,Delhi,9891078922
1017,Member_1017,Mumbai,9814922659
1018,Member_1018,Pune,9822475389
1019,Member_1019,Mumbai,9899901524
1020,Member_1020,Mumbai,9835712284
1021,Member_1021,Mumbai,9896524587
1022,Member_1022,Jaipur,9815820568
1023,Member_1023,Jaipur,9892173376
1024,Member_1024,Jaipur,9894219308
1025,Member_1025,Jaipur,9811546609
1026,Member_1026,Lucknow,9876319279
1027,Member_1027,Delhi,9882635683
1028,Member_1028,Mumbai,9880066063
1029,Member_1029,Mumbai,9898807405
1030,Member_1030,Delhi,9853626461
1031,Member_1031,Lucknow,9833705434
1032,Member_1032,Delhi,9879171447
1033,Member_1033,Jaipur,9861868926
1034,Member_1034,Pune,9857502176
1035,Member_1035,Delhi,9871679492
1036,Member_1036,Pune,9861834827
1037,Member_1037,Lucknow,9876959447
1038,Member_1038,Lucknow,9857684002
1039,Member_1039,Mumbai,9868683143
1040,Member_1040,Delhi,9880455348
1041,Member_1041,Pune,9844792465
1042,Member_1042,Jaipur,9816442697
1043,Member_1043,Delhi,9861545702
1044,Member_1044,Mumbai,9873766130
1045,Member_1045,Mumbai,9862349179
1046,Member_1046,Jaipur,9891845775
1047,Member_1047,Lucknow,9833954041
1048,Member_1048,Mumbai,9879030501
1049,Member_1049,Delhi,9892527568
1050,Member_1050,Mumbai,9865186306
1051,Member_1051,Lucknow,9888125774
1052,Member_1052,Delhi,9836583781
1053,Member_1053,Delhi,9886028904
1054,Member_1054,Jaipur,9863219691
1055,Member_1055,Delhi,9880644409
1056,Member_1056,Lucknow,9810782180
1057,Member_1057,Mumbai,9840201987
1058,Member_1058,Lucknow,9855518597
1059,Member_1059,Mumbai,9823744128
1060,Member_1060,Lucknow,9852512615
1061,Member_1061,Delhi,9890336300
1062,Member_1062,Delhi,9837109161
1063,Member_1063,Pune,9857242546
1064,Member_1064,Delhi,9896687189
1065,Member_1065,Lucknow,9889441091
1066,Member_1066,Pune,9868436058
1067,Member_1067,Pune,9897355713
1068,Member_1068,Jaipur,9831589768
1069,Member_1069,Mumbai,9879010884
1070,Member_1070,Jaipur,9828006822
1071,Member_1071,Delhi,9886536248
1072,Member_1072,Delhi,9868487542
1073,Member_1073,Mumbai,9839812495
1074,Member_1074,Lucknow,9822891322
1075,Member_1075,Delhi,9868556965
1076,Member_1076,Mumbai,9883730116
1077,Member_1077,Pune,9879311530
1078,Member_1078,Lucknow,9899423328
1079,Member_1079,Mumbai,9893189099
1080,Member_1080,Jaipur,9862431129
1081,Member_1081,Mumbai,9848931294
1082,Member_1082,Pune,9825421641
1083,Member_1083,Delhi,9885399291
1084,Member_1084,Delhi,9874942794
1085,Member_1085,Delhi,9884555633
1086,Member_1086,Lucknow,9857711960
1087,Member_1087,Jaipur,9817418520
1088,Member_1088,Delhi,9872277656
1089,Member_1089,Pune,9817809054
1090,Member_1090,Jaipur,9853986369
1091,Member_1091,Lucknow,9826796814
1092,Member_1092,Pune,9871499436
1093,Member_1093,Delhi,9827007680
1094,Member_1094,Pune,9881333582
1095,Member_1095,Delhi,9889656127
1096,Member_1096,Delhi,9896813895
1097,Member_1097,Delhi,9867495338
1098,Member_1098,Lucknow,9878216792
1099,Member_1099,Delhi,9866759979
1100,Member_1100,Pune,9885107196
1101,Member_1101,Jaipur,9832598690
1102,Member_1102,Jaipur,9876113876
1103,Member_1103,Lucknow,9897109275
1104,Member_1104,Jaipur,9878156993
1105,Member_1105,Lucknow,9849412637
1106,Member_1106,Lucknow,9872710804
1107,Member_1107,Mumbai,9838037756
1108,Member_1108,Jaipur,9882151715
1109,Member_1109,Mumbai,9827725389
1110,Member_1110,Delhi,9847184211
1111,Member_1111,Delhi,9869293642
1112,Member_1112,Lucknow,9899532816
1113,Member_1113,Mumbai,9837974215
1114,Member_1114,Pune,9883224499
1115,Member_1115,Pune,9829508549
1116,Member_1116,Delhi,9834746377
1117,Member_1117,Jaipur,9822111626
1118,Member_1118,Mumbai,9832883580
1119,Member_1119,Lucknow,9832580355
1120,Member_1120,Mumbai,9866605057
1121,Member_1121,Pune,9855537538
1122,Member_1122,Mumbai,9884801423
1123,Member_1123,Mumbai,9865643012
1124,Member_1124,Pune,9811535055
1125,Member_1125,Mumbai,9832905198
1126,Member_1126,Pune,9817634314
1127,Member_1127,Delhi,9840297722
1128,Member_1128,Jaipur,9814071757
1129,Member_1129,Lucknow,9889272086
1130,Member_1130,Delhi,9879502915
1131,Member_1131,Delhi,9833371041
1132,Member_1132,Jaipur,9812543222
1133,Member_1133,Jaipur,9868995456
1134,Member_1134,Lucknow,9894417525
1135,Member_1135,Mumbai,9858882296
1136,Member_1136,Lucknow,9840268002
1137,Member_1137,Jaipur,9876485879
1138,Member_1138,Jaipur,9895206292
1139,Member_1139,Pune,9826375736
1140,Member_1140,Jaipur,9848690892
1141,Member_1141,Delhi,9849377867
1142,Member_1142,Jaipur,9818308415
1143,Member_1143,Pune,9817373677
1144,Member_1144,Delhi,9859707196
1145,Member_1145,Pune,9825383975
1146,Member_1146,Jaipur,9870424337
1147,Member_1147,Pune,9814614997
1148,Member_1148,Delhi,9884098557
1149,Member_1149,Pune,9855454992
1150,Member_1150,Pune,9842904012
1151,Member_1151,Pune,9875789435
1152,Member_1152,Pune,9819073217
1153,Member_1153,Mumbai,9864797669
1154,Member_1154,Lucknow,9873071455
1155,Member_1155,Mumbai,9892403479
1156,Member_1156,Lucknow,9871505597
1157,Member_1157,Lucknow,9839746990
1158,Member_1158,Lucknow,9878902674
1159,Member_1159,Delhi,9878141810
1160,Member_1160,Lucknow,9860991002
1161,Member_1161,Mumbai,9836961089
1162,Member_1162,Jaipur,9827877645
1163,Member_1163,Delhi,9894074629
1164,Member_1164,Mumbai,9871312860
1165,Member_1165,Pune,9857310945
1166,Member_1166,Delhi,9844019168
1167,Member_1167,Mumbai,9852906440
1168,Member_1168,Pune,9812379126
1169,Member_1169,Pune,9868327834
1170,Member_1170,Lucknow,9845628560
1171,Member_1171,Pune,9821170536
1172,Member_1172,Delhi,9846064765
1173,Member_1173,Lucknow,9830755311
1174,Member_1174,Mumbai,9890180862
1175,Member_1175,Pune,9893002408
1176,Member_1176,Lucknow,9810656443
1177,Member_1177,Mumbai,9883159966
1178,Member_1178,Mumbai,9839800561
1179,Member_1179,Delhi,9835761659
1180,Member_1180,Delhi,9835915853
1181,Member_1181,Mumbai,9815694786
1182,Member_1182,Lucknow,9855892723
1183,Member_1183,Mumbai,9811692477
1184,Member_1184,Lucknow,9895036180
1185,Member_1185,Jaipur,9839059715
1186,Member_1186,Delhi,9893208977
1187,Member_1187,Delhi,9823434286
1188,Member_1188,Delhi,9835185070
1189,Member_1189,Pune,9818446582
1190,Member_1190,Lucknow,9886706524
1191,Member_1191,Jaipur,9839116364
1192,Member_1192,Pune,9862498223
1193,Member_1193,Pune,9833024883
1194,Member_1194,Jaipur,9849207536
1195,Member_1195,Pune,9847479612
1196,Member_1196,Jaipur,9858640294
1197,Member_1197,Mumbai,9839555615
1198,Member_1198,Delhi,9860719016
1199,Member_1199,Mumbai,9858321259
1200,Member_1200,Pune,9857192342
1201,Member_1201,Jaipur,9880717030
1202,Member_1202,Jaipur,9857816014
1203,Member_1203,Delhi,9880321978
1204,Member_1204,Delhi,9822124877
1205,Member_1205,Lucknow,9855484362
1206,Member_1206,Jaipur,9857870720
1207,Member_1207,Jaipur,9842311888
1208,Member_1208,Pune,9879726285
1209,Member_1209,Pune,9861843029
1210,Member_1210,Jaipur,9883198074
1211,Member_1211,Pune,9832395109
1212,Member_1212,Mumbai,9882038142
1213,Member_1213,Delhi,9898655205
1214,Member_1214,Jaipur,9830369411
1215,Member_1215,Mumbai,9850600934
1216,Member_1216,Lucknow,9866627475
1217,Member_1217,Pune,9877618811
1218,Member_1218,Jaipur,9899141012
1219,Member_1219,Pune,9851473182
1220,Member_1220,Lucknow,9870035236
1221,Member_1221,Delhi,9871060864
1222,Member_1222,Jaipur,9865060414
1223,Member_1223,Delhi,9887467262
1224,Member_1224,Delhi,9849983029
1225,Member_1225,Jaipur,9877256445
1226,Member_1226,Mumbai,9896316102
1227,Member_1227,Delhi,9825133256
1228,Member_1228,Mumbai,9858702175
1229,Member_1229,Lucknow,9859186735
1230,Member_1230,Pune,9830168648
1231,Member_1231,Pune,9899962056
1232,Member_1232,Delhi,9827306083
1233,Member_1233,Lucknow,9854469779
1234,Member_1234,Jaipur,9841158192
1235,Member_1235,Pune,9815065895
1236,Member_1236,Delhi,9825781656
1237,Member_1237,Mumbai,9876700407
1238,Member_1238,Lucknow,9878246157
1239,Member_1239,Delhi,9864515806
1240,Member_1240,Delhi,9886964397
1241,Member_1241,Mumbai,9819706347
1242,Member_1242,Pune,9811501473
1243,Member_1243,Jaipur,9871595324
1244,Member_1244,Mumbai,9892411305
1245,Member_1245,Mumbai,9838982853
1246,Member_1246,Mumbai,9884389081
1247,Member_1247,Jaipur,9864475781
1248,Member_1248,Mumbai,9888103560
1249,Member_1249,Mumbai,9831005479
1250,Member_1250,Pune,9817512268
1251,Member_1251,Pune,9813934375
1252,Member_1252,Lucknow,9870661914
1253,Member_1253,Delhi,9814695687
1254,Member_1254,Lucknow,9828431611
1255,Member_1255,Lucknow,9896816052
1256,Member_1256,Pune,9818116901
1257,Member_1257,Delhi,9880425295
1258,Member_1258,Delhi,9834735915
1259,Member_1259,Mumbai,9892344362
1260,Member_1260,Pune,9880708282
1261,Member_1261,Delhi,9887328458
1262,Member_1262,Pune,9834788177
1263,Member_1263,Delhi,9889610319
1264,Member_1264,Delhi,9874222949
1265,Member_1265,Mumbai,9844119354
1266,Member_1266,Delhi,9884497592
1267,Member_1267,Delhi,9854150527
1268,Member_1268,Mumbai,9840937709
1269,Member_1269,Mumbai,9855135787
1270,Member_1270,Jaipur,9869097194
1271,Member_1271,Pune,9886014504
1272,Member_1272,Delhi,9886278747
1273,Member_1273,Delhi,9846650953
1274,Member_1274,Jaipur,9883858870
1275,Member_1275,Mumbai,9811939558
1276,Member_1276,Jaipur,9898006055
1277,Member_1277,Pune,9889889199
1278,Member_1278,Pune,9884999614
1279,Member_1279,Mumbai,9893896963
1280,Member_1280,Delhi,9875834642
1281,Member_1281,Jaipur,9832491435
1282,Member_1282,Pune,9887451153
1283,Member_1283,Jaipur,9859038608
1284,Member_1284,Jaipur,9867618900
1285,Member_1285,Lucknow,9873366948
1286,Member_1286,Pune,9864799155
1287,Member_1287,Delhi,9820152714
1288,Member_1288,Delhi,9840710004
1289,Member_1289,Pune,9837694874
1290,Member_1290,Delhi,9890943047
1291,Member_1291,Jaipur,9818003648
1292,Member_1292,Jaipur,9857253583
1293,Member_1293,Mumbai,9892061722
1294,Member_1294,Lucknow,9860574440
1295,Member_1295,Delhi,9816859430
1296,Member_1296,Lucknow,9889121864
1297,Member_1297,Pune,9898654839
1298,Member_1298,Jaipur,9860326259
1299,Member_1299,Delhi,9823879799
1300,Member_1300,Pune,9834098314
1301,Member_1301,Pune,9862130888
1302,Member_1302,Lucknow,9831321283
1303,Member_1303,Mumbai,9866288229
1304,Member_1304,Lucknow,9835391951
1305,Member_1305,Delhi,9877145133
1306,Member_1306,Mumbai,9836581644
1307,Member_1307,Mumbai,9899533633
1308,Member_1308,Delhi,9890211274
1309,Member_1309,Jaipur,9893192362
1310,Member_1310,Delhi,9822001967
1311,Member_1311,Mumbai,9870781020
1312,Member_1312,Pune,9818169101
1313,Member_1313,Lucknow,9846182646
1314,Member_1314,Lucknow,9841793810
1315,Member_1315,Lucknow,9826659875
1316,Member_1316,Delhi,9838445467
1317,Member_1317,Mumbai,9839211368
1318,Member_1318,Delhi,9833509610
1319,Member_1319,Lucknow,9894414739
1320,Member_1320,Lucknow,9869011733
1321,Member_1321,Pune,9833880319
1322,Member_1322,Mumbai,9866432194
1323,Member_1323,Delhi,9861160965
1324,Member_1324,Pune,9858579464
1325,Member_1325,Delhi,9879424959
1326,Member_1326,Lucknow,9881085007
1327,Member_1327,Jaipur,9811015642
1328,Member_1328,Mumbai,9847453267
1329,Member_1329,Pune,9858230700
1330,Member_1330,Delhi,9835181579
1331,Member_1331,Mumbai,9867080216
1332,Member_1332,Pune,9859540893
1333,Member_1333,Jaipur,9869127434
1334,Member_1334,Lucknow,9824812788
1335,Member_1335,Jaipur,9814777762
1336,Member_1336,Mumbai,9855960951
1337,Member_1337,Delhi,9867884047
1338,Member_1338,Pune,9842686621
1339,Member_1339,Delhi,9851752771
1340,Member_1340,Delhi,9851760928
1341,Member_1341,Jaipur,9829797632
1342,Member_1342,Lucknow,9858491373
1343,Member_1343,Jaipur,9821159246
1344,Member_1344,Pune,9819698501
1345,Member_1345,Lucknow,9874164026
1346,Member_1346,Mumbai,9842143269
1347,Member_1347,Jaipur,9810140325
1348,Member_1348,Jaipur,9813996549
1349,Member_1349,Mumbai,9838306203
1350,Member_1350,Pune,9890174652
1351,Member_1351,Delhi,9888214694
1352,Member_1352,Lucknow,9865064048
1353,Member_1353,Jaipur,9898040682
1354,Member_1354,Lucknow,9899524578
1355,Member_1355,Jaipur,9855909081
1356,Member_1356,Lucknow,9868785454
1357,Member_1357,Pune,9879064174
1358,Member_1358,Pune,9835555136
1359,Member_1359,Mumbai,9882277575
1360,Member_1360,Pune,9882790185
1361,Member_1361,Delhi,9875413377
1362,Member_1362,Pune,9863216341
1363,Member_1363,Mumbai,9898614963
1364,Member_1364,Delhi,9821398065
1365,Member_1365,Lucknow,9818038374
1366,Member_1366,Lucknow,9830768436
1367,Member_1367,Jaipur,9828399154
1368,Member_1368,Mumbai,9878899652
1369,Member_1369,Delhi,9862821949
1370,Member_1370,Jaipur,9835933867
1371,Member_1371,Jaipur,9862640467
1372,Member_1372,Pune,9888862196
1373,Member_1373,Lucknow,9833363813
1374,Member_1374,Lucknow,9889638091
1375,Member_1375,Pune,9841336602
1376,Member_1376,Jaipur,9860316114
1377,Member_1377,Jaipur,9879736024
1378,Member_1378,Delhi,9849292574
1379,Member_1379,Pune,9877261331
1380,Member_1380,Pune,9829574526
1381,Member_1381,Mumbai,9872493709
1382,Member_1382,Delhi,9846365660
1383,Member_1383,Delhi,9821772559
1384,Member_1384,Delhi,9895519860
1385,Member_1385,Delhi,9876814791
1386,Member_1386,Mumbai,9875333002
1387,Member_1387,Lucknow,9892710937
1388,Member_1388,Lucknow,9840341052
1389,Member_1389,Delhi,9865715578
1390,Member_1390,Mumbai,9817074002
1391,Member_1391,Pune,9870971953
1392,Member_1392,Delhi,9830850202
1393,Member_1393,Jaipur,9897606837
1394,Member_1394,Mumbai,9837929923
1395,Member_1395,Mumbai,9838678876
1396,Member_1396,Mumbai,9812536906
1397,Member_1397,Lucknow,9894348780
1398,Member_1398,Delhi,9864382394
1399,Member_1399,Jaipur,9859375924
1400,Member_1400,Pune,9854766985
1401,Member_1401,Mumbai,9853239600
1402,Member_1402,Pune,9881372519
1403,Member_1403,Pune,9894715464
1404,Member_1404,Delhi,9853457846
1405,Member_1405,Lucknow,9831786213
1406,Member_1406,Delhi,9812001310
1407,Member_1407,Delhi,9875422008
1408,Member_1408,Delhi,9835284228
1409,Member_1409,Lucknow,9893486918
1410,Member_1410,Jaipur,9865251235
1411,Member_1411,Jaipur,9824721323
1412,Member_1412,Pune,9879331837
1413,Member_1413,Lucknow,9815894480
1414,Member_1414,Lucknow,9839057597
1415,Member_1415,Delhi,9884123729
1416,Member_1416,Delhi,9849376190
1417,Member_1417,Lucknow,9818524448
1418,Member_1418,Pune,9856345745
1419,Member_1419,Jaipur,9863895052
1420,Member_1420,Delhi,9891405507
1421,Member_1421,Pune,9827670240
1422,Member_1422,Mumbai,9811756055
1423,Member_1423,Mumbai,9869926474
1424,Member_1424,Delhi,9892124477
1425,Member_1425,Jaipur,9865219101
1426,Member_1426,Delhi,9883996085
1427,Member_1427,Delhi,9881032505
1428,Member_1428,Mumbai,9897445455
1429,Member_1429,Lucknow,9818726354
1430,Member_1430,Delhi,9883638269
1431,Member_1431,Delhi,9828909919
1432,Member_1432,Mumbai,9810391928
1433,Member_1433,Jaipur,9814210090
1434,Member_1434,Jaipur,9896400871
1435,Member_1435,Jaipur,9841549618
1436,Member_1436,Jaipur,9868438394
1437,Member_1437,Delhi,9875385426
1438,Member_1438,Pune,9854806869
1439,Member_1439,Mumbai,9898322313
1440,Member_1440,Mumbai,9842780041
1441,Member_1441,Delhi,9897956978
1442,Member_1442,Mumbai,9832174755
1443,Member_1443,Pune,9822424739
1444,Member_1444,Delhi,9837959397
1445,Member_1445,Mumbai,9820108870
1446,Member_1446,Lucknow,9844625920
1447,Member_1447,Pune,9843171196
1448,Member_1448,Mumbai,9833108555
1449,Member_1449,Jaipur,9842080503
1450,Member_1450,Lucknow,9820020047
1451,Member_1451,Pune,9880948832
1452,Member_1452,Jaipur,9833329876
1453,Member_1453,Delhi,9882532916
1454,Member_1454,Delhi,9847464905
1455,Member_1455,Delhi,9884718473
1456,Member_1456,Jaipur,9874066777
1457,Member_1457,Lucknow,9835771755
1458,Member_1458,Jaipur,9825097696
1459,Member_1459,Pune,9854972462
1460,Member_1460,Jaipur,9877627262
1461,Member_1461,Jaipur,9890916240
1462,Member_1462,Pune,9832100821
1463,Member_1463,Jaipur,9848183366
1464,Member_1464,Pune,9875427606
1465,Member_1465,Jaipur,9853506177
1466,Member_1466,Jaipur,9896719116
1467,Member_1467,Jaipur,9867418397
1468,Member_1468,Delhi,9816443980
1469,Member_1469,Delhi,9818542826
1470,Member_1470,Pune,9892521545
1471,Member_1471,Lucknow,9896116245
1472,Member_1472,Lucknow,9859965338
1473,Member_1473,Pune,9887359398
1474,Member_1474,Delhi,9829705883
1475,Member_1475,Jaipur,9886038569
1476,Member_1476,Lucknow,9877652129
1477,Member_1477,Lucknow,9840187300
1478,Member_1478,Jaipur,9843967471
1479,Member_1479,Lucknow,9855134013
1480,Member_1480,Pune,9833209529
1481,Member_1481,Delhi,9825150304
1482,Member_1482,Delhi,9868755536
1483,Member_1483,Delhi,9873808467
1484,Member_1484,Pune,9846967066
1485,Member_1485,Delhi,9852176589
1486,Member_1486,Lucknow,9826326108
1487,Member_1487,Mumbai,9879741090
1488,Member_1488,Jaipur,9870187343
1489,Member_1489,Jaipur,9821899185
1490,Member_1490,Lucknow,9855971431
1491,Member_1491,Jaipur,9826666265
1492,Member_1492,Pune,9823135971
1493,Member_1493,Delhi,9883946644
1494,Member_1494,Mumbai,9876481949
1495,Member_1495,Mumbai,9875218556
1496,Member_1496,Pune,9815957651
1497,Member_1497,Mumbai,9818286117
1498,Member_1498,Delhi,9867515166
1499,Member_1499,Pune,9850904217
1500,Member_1500,Jaipur,9893552078
1501,Member_1501,Mumbai,9857684287
1502,Member_1502,Mumbai,9819496207
1503,Member_1503,Mumbai,9814682828
1504,Member_1504,Mumbai,9857973216
1505,Member_1505,Lucknow,9845357762
1506,Member_1506,Mumbai,9831613890
1507,Member_1507,Mumbai,9864427545
1508,Member_1508,Jaipur,9834865350
1509,Member_1509,Mumbai,9842086002
1510,Member_1510,Lucknow,9829212966
1511,Member_1511,Jaipur,9893237212
1512,Member_1512,Jaipur,9847817255
1513,Member_1513,Jaipur,9853508506
1514,Member_1514,Mumbai,9852878213
1515,Member_1515,Jaipur,9887009193
1516,Member_1516,Jaipur,9847832379
1517,Member_1517,Mumbai,9836196055
1518,Member_1518,Mumbai,9847843111
1519,Member_1519,Delhi,9829088857
1520,Member_1520,Mumbai,9813449656
1521,Member_1521,Lucknow,9816993997
1522,Member_1522,Pune,9870257002
1523,Member_1523,Mumbai,9867441347
1524,Member_1524,Mumbai,9831051591
1525,Member_1525,Jaipur,9858094563
1526,Member_1526,Mumbai,9819195619
1527,Member_1527,Pune,9859860043
1528,Member_1528,Pune,9816493720
1529,Member_1529,Jaipur,9850956551
1530,Member_1530,Mumbai,9890647450
1531,Member_1531,Lucknow,9896688919
1532,Member_1532,Delhi,9872483466
1533,Member_1533,Lucknow,9892300224
1534,Member_1534,Delhi,9812447109
1535,Member_1535,Delhi,9815822297
1536,Member_1536,Delhi,9813898691
1537,Member_1537,Mumbai,9859568691
1538,Member_1538,Mumbai,9870465253
1539,Member_1539,Delhi,9816660290
1540,Member_1540,Mumbai,9850030334
1541,Member_1541,Mumbai,9884991703
1542,Member_1542,Mumbai,9835904787
1543,Member_1543,Jaipur,9836646601
1544,Member_1544,Pune,9881334683
1545,Member_1545,Mumbai,9828184896
1546,Member_1546,Jaipur,9823430504
1547,Member_1547,Pune,9831520154
1548,Member_1548,Jaipur,9894155339
1549,Member_1549,Lucknow,9898735773
1550,Member_1550,Lucknow,9813104743
1551,Member_1551,Jaipur,9874213348
1552,Member_1552,Delhi,9811751569
1553,Member_1553,Lucknow,9852924505
1554,Member_1554,Jaipur,9858174914
1555,Member_1555,Pune,9865223022
1556,Member_1556,Mumbai,9826673226
1557,Member_1557,Delhi,9872119225
1558,Member_1558,Pune,9832336030
1559,Member_1559,Delhi,9861677753
1560,Member_1560,Delhi,9877647673
1561,Member_1561,Lucknow,9810032135
1562,Member_1562,Jaipur,9828090355
1563,Member_1563,Pune,9847738576
1564,Member_1564,Pune,9818016165
1565,Member_1565,Lucknow,9873750695
1566,Member_1566,Delhi,9886271735
1567,Member_1567,Mumbai,9810120921
1568,Member_1568,Lucknow,9889986644
1569,Member_1569,Lucknow,9814972570
1570,Member_1570,Mumbai,9825636639
1571,Member_1571,Lucknow,9882185413
1572,Member_1572,Jaipur,9813764847
1573,Member_1573,Jaipur,9851293564
1574,Member_1574,Delhi,9813017982
1575,Member_1575,Mumbai,9881240302
1576,Member_1576,Lucknow,9847356676
1577,Member_1577,Pune,9810736848
1578,Member_1578,Mumbai,9892623572
1579,Member_1579,Lucknow,9838669126
1580,Member_1580,Lucknow,9877425995
1581,Member_1581,Delhi,9827366539
1582,Member_1582,Jaipur,9893819720
1583,Member_1583,Pune,9896407336
1584,Member_1584,Delhi,9823013817
1585,Member_1585,Lucknow,9822814825
1586,Member_1586,Delhi,9876416373
1587,Member_1587,Jaipur,9875754426
1588,Member_1588,Mumbai,9824948120
1589,Member_1589,Lucknow,9843621500
1590,Member_1590,Mumbai,9818078727
1591,Member_1591,Delhi,9881472440
1592,Member_1592,Lucknow,9819624250
1593,Member_1593,Mumbai,9855269392
1594,Member_1594,Lucknow,9881779529
1595,Member_1595,Mumbai,9875450239
1596,Member_1596,Pune,9844510380
1597,Member_1597,Pune,9874949275
1598,Member_1598,Mumbai,9898626709
1599,Member_1599,Pune,9880140718
1600,Member_1600,Delhi,9833666857
1601,Member_1601,Mumbai,9824053236
1602,Member_1602,Lucknow,9820354502
1603,Member_1603,Delhi,9849639859
1604,Member_1604,Delhi,9844067922
1605,Member_1605,Mumbai,9833289030
1606,Member_1606,Pune,9824366909
1607,Member_1607,Lucknow,9823368025
1608,Member_1608,Pune,9879808350
1609,Member_1609,Jaipur,9818895548
1610,Member_1610,Lucknow,9888212023
1611,Member_1611,Lucknow,9821704390
1612,Member_1612,Jaipur,9890728852
1613,Member_1613,Delhi,9872783520
1614,Member_1614,Jaipur,9873417327
1615,Member_1615,Pune,9861179942
1616,Member_1616,Lucknow,9873473202
1617,Member_1617,Lucknow,9861493296
1618,Member_1618,Delhi,9860473115
1619,Member_1619,Pune,9893945663
1620,Member_1620,Delhi,9819276271
1621,Member_1621,Mumbai,9876087045
1622,Member_1622,Lucknow,9813999684
1623,Member_1623,Delhi,9862116391
1624,Member_1624,Jaipur,9890282157
1625,Member_1625,Pune,9815324780
1626,Member_1626,Delhi,9877648658
1627,Member_1627,Delhi,9870543837
1628,Member_1628,Jaipur,9833511668
1629,Member_1629,Lucknow,9850620849
1630,Member_1630,Lucknow,9820386896
1631,Member_1631,Jaipur,9892647842
1632,Member_1632,Mumbai,9867317074
1633,Member_1633,Pune,9876052729
1634,Member_1634,Lucknow,9896692014
1635,Member_1635,Lucknow,9899317244
1636,Member_1636,Delhi,9886513736
1637,Member_1637,Jaipur,9896042906
1638,Member_1638,Jaipur,9823708851
1639,Member_1639,Mumbai,9864382801
1640,Member_1640,Jaipur,9830790404
1641,Member_1641,Pune,9838872678
1642,Member_1642,Lucknow,9828473782
1643,Member_1643,Pune,9883601123
1644,Member_1644,Delhi,9831230569
1645,Member_1645,Jaipur,9896782317
1646,Member_1646,Lucknow,9812595402
1647,Member_1647,Pune,9815064917
1648,Member_1648,Jaipur,9823099947
1649,Member_1649,Pune,9876157407
1650,Member_1650,Mumbai,9865168309
1651,Member_1651,Pune,9857221256
1652,Member_1652,Pune,9853454558
1653,Member_1653,Pune,9834914557
1654,Member_1654,Jaipur,9889274624
1655,Member_1655,Mumbai,9893708668
1656,Member_1656,Jaipur,9882425344
1657,Member_1657,Delhi,9891036162
1658,Member_1658,Mumbai,9843848018
1659,Member_1659,Delhi,9837164508
1660,Member_1660,Delhi,9828416127
1661,Member_1661,Jaipur,9894601680
1662,Member_1662,Jaipur,9894775213
1663,Member_1663,Lucknow,9896061221
1664,Member_1664,Jaipur,9825464864
1665,Member_1665,Jaipur,9884981574
1666,Member_1666,Mumbai,9833845014
1667,Member_1667,Lucknow,9866610456
1668,Member_1668,Jaipur,9832260855
1669,Member_1669,Delhi,9854050766
1670,Member_1670,Delhi,9853054036
1671,Member_1671,Mumbai,9829821119
1672,Member_1672,Pune,9843140971
1673,Member_1673,Jaipur,9815638774
1674,Member_1674,Lucknow,9898078469
1675,Member_1675,Mumbai,9853811775
1676,Member_1676,Jaipur,9838757884
1677,Member_1677,Mumbai,9874577409
1678,Member_1678,Pune,9846208840
1679,Member_1679,Jaipur,9896228562
1680,Member_1680,Jaipur,9877819940
1681,Member_1681,Jaipur,9877300047
1682,Member_1682,Lucknow,9840037685
1683,Member_1683,Mumbai,9818829069
1684,Member_1684,Jaipur,9843476871
1685,Member_1685,Lucknow,9828623294
1686,Member_1686,Lucknow,9832561802
1687,Member_1687,Delhi,9822623862
1688,Member_1688,Delhi,9814586390
1689,Member_1689,Jaipur,9817401393
1690,Member_1690,Jaipur,9876851959
1691,Member_1691,Lucknow,9813246387
1692,Member_1692,Lucknow,9845219530
1693,Member_1693,Pune,9847019659
1694,Member_1694,Lucknow,9874255531
1695,Member_1695,Delhi,9821781835
1696,Member_1696,Pune,9894691495
1697,Member_1697,Lucknow,9868429064
1698,Member_1698,Mumbai,9841565511
1699,Member_1699,Jaipur,9830624279
1700,Member_1700,Delhi,9848814458
1701,Member_1701,Mumbai,9823592843
1702,Member_1702,Pune,9846135674
1703,Member_1703,Mumbai,9839682436
1704,Member_1704,Pune,9857185337
1705,Member_1705,Mumbai,9823923044
1706,Member_1706,Delhi,9836402619
1707,Member_1707,Pune,9841602004
1708,Member_1708,Delhi,9815535449
1709,Member_1709,Pune,9890802836
1710,Member_1710,Lucknow,9838644041
1711,Member_1711,Pune,9891982015
1712,Member_1712,Delhi,9871606480
1713,Member_1713,Lucknow,9854561182
1714,Member_1714,Pune,9854602884
1715,Member_1715,Jaipur,9812565936
1716,Member_1716,Jaipur,9821558464
1717,Member_1717,Mumbai,9832211033
1718,Member_1718,Delhi,9813542065
1719,Member_1719,Mumbai,9837421772
1720,Member_1720,Lucknow,9851554125
1721,Member_1721,Mumbai,9824326332
1722,Member_1722,Lucknow,9880612124
1723,Member_1723,Jaipur,9811199699
1724,Member_1724,Jaipur,9836449961
1725,Member_1725,Delhi,9839322829
1726,Member_1726,Mumbai,9852025034
1727,Member_1727,Mumbai,9852508791
1728,Member_1728,Mumbai,9845189686
1729,Member_1729,Pune,9862623613
1730,Member_1730,Pune,9816558575
1731,Member_1731,Lucknow,9836845642
1732,Member_1732,Delhi,9871901832
1733,Member_1733,Mumbai,9862298817
1734,Member_1734,Lucknow,9837845125
1735,Member_1735,Pune,9855535202
1736,Member_1736,Mumbai,9876551146
1737,Member_1737,Lucknow,9863542527
1738,Member_1738,Delhi,9872550143
1739,Member_1739,Pune,9896333621
1740,Member_1740,Lucknow,9855269531
1741,Member_1741,Delhi,9869421065
1742,Member_1742,Lucknow,9891645513
1743,Member_1743,Jaipur,9873852030
1744,Member_1744,Lucknow,9848604161
1745,Member_1745,Delhi,9877486491
1746,Member_1746,Lucknow,9841123726
1747,Member_1747,Delhi,9896307456
1748,Member_1748,Pune,9896928352
1749,Member_1749,Mumbai,9870526773
1750,Member_1750,Mumbai,9845885550
1751,Member_1751,Mumbai,9882695245
1752,Member_1752,Pune,9862642859
1753,Member_1753,Delhi,9835267667
1754,Member_1754,Jaipur,9890290378
1755,Member_1755,Lucknow,9811835668
1756,Member_1756,Pune,9895216427
1757,Member_1757,Pune,9884378861
1758,Member_1758,Pune,9820349188
1759,Member_1759,Lucknow,9816251613
1760,Member_1760,Jaipur,9884154630
1761,Member_1761,Delhi,9836337996
1762,Member_1762,Lucknow,9839027984
1763,Member_1763,Lucknow,9853433844
1764,Member_1764,Pune,9875363886
1765,Member_1765,Jaipur,9878718399
1766,Member_1766,Pune,9845381474
1767,Member_1767,Jaipur,9831589031
1768,Member_1768,Lucknow,9864242978
1769,Member_1769,Lucknow,9884740053
1770,Member_1770,Mumbai,9841592507
1771,Member_1771,Lucknow,9890224499
1772,Member_1772,Lucknow,9820068582
1773,Member_1773,Lucknow,9817563051
1774,Member_1774,Delhi,9835488565
1775,Member_1775,Pune,9836452480
1776,Member_1776,Delhi,9815050752
1777,Member_1777,Lucknow,9835635585
1778,Member_1778,Delhi,9899795276
1779,Member_1779,Mumbai,9852377108
1780,Member_1780,Delhi,9899844221
1781,Member_1781,Jaipur,9844306782
1782,Member_1782,Mumbai,9835628329
1783,Member_1783,Lucknow,9880683913
1784,Member_1784,Delhi,9887013156
1785,Member_1785,Mumbai,9844319520
1786,Member_1786,Delhi,9829513637
1787,Member_1787,Delhi,9817931744
1788,Member_1788,Jaipur,9884389349
1789,Member_1789,Mumbai,9833497231
1790,Member_1790,Pune,9828802086
1791,Member_1791,Mumbai,9864228845
1792,Member_1792,Jaipur,9810156280
1793,Member_1793,Delhi,9887859291
1794,Member_1794,Pune,9877911507
1795,Member_1795,Delhi,9838886430
1796,Member_1796,Delhi,9874699869
1797,Member_1797,Lucknow,9819943944
1798,Member_1798,Mumbai,9846211959
1799,Member_1799,Jaipur,9812468469
1800,Member_1800,Lucknow,9849098522
1801,Member_1801,Jaipur,9885202867
1802,Member_1802,Jaipur,9836883855
1803,Member_1803,Mumbai,9852906922
1804,Member_1804,Delhi,9887078721
1805,Member_1805,Pune,9850711718
1806,Member_1806,Mumbai,9885849147
1807,Member_1807,Jaipur,9824950991
1808,Member_1808,Delhi,9847639107
1809,Member_1809,Mumbai,9839055474
1810,Member_1810,Mumbai,9882771064
1811,Member_1811,Mumbai,9876891785
1812,Member_1812,Pune,9863558321
1813,Member_1813,Jaipur,9874690596
1814,Member_1814,Delhi,9859869840
1815,Member_1815,Delhi,9872499136
1816,Member_1816,Pune,9873837704
1817,Member_1817,Delhi,9812707168
1818,Member_1818,Pune,9874221277
1819,Member_1819,Delhi,9843085537
1820,Member_1820,Jaipur,9826852068
1821,Member_1821,Delhi,9862961573
1822,Member_1822,Delhi,9841072015
1823,Member_1823,Delhi,9850242557
1824,Member_1824,Jaipur,9859652349
1825,Member_1825,Delhi,9822940915
1826,Member_1826,Pune,9847679981
1827,Member_1827,Mumbai,9841591080
1828,Member_1828,Jaipur,9891351531
1829,Member_1829,Mumbai,9874087908
1830,Member_1830,Delhi,9865278561
1831,Member_1831,Lucknow,9814045193
1832,Member_1832,Delhi,9854434044
1833,Member_1833,Lucknow,9850028241
1834,Member_1834,Lucknow,9816937795
1835,Member_1835,Lucknow,9852724045
1836,Member_1836,Lucknow,9894477881
1837,Member_1837,Delhi,9832623564
1838,Member_1838,Pune,9858682314
1839,Member_1839,Mumbai,9819103327
1840,Member_1840,Mumbai,9892152567
1841,Member_1841,Pune,9863046231
1842,Member_1842,Jaipur,9882739691
1843,Member_1843,Jaipur,9851549338
1844,Member_1844,Jaipur,9853278030
1845,Member_1845,Pune,9875498296
1846,Member_1846,Mumbai,9892663483
1847,Member_1847,Mumbai,9865853913
1848,Member_1848,Mumbai,9823907901
1849,Member_1849,Delhi,9833051270
1850,Member_1850,Delhi,9895230705
1851,Member_1851,Delhi,9821120571
1852,Member_1852,Lucknow,9880885483
1853,Member_1853,Jaipur,9819856890
1854,Member_1854,Mumbai,9858195590
1855,Member_1855,Jaipur,9884644835
1856,Member_1856,Mumbai,9834615455
1857,Member_1857,Lucknow,9820169867
1858,Member_1858,Lucknow,9824575925
1859,Member_1859,Delhi,9874654314
1860,Member_1860,Pune,9864189523
1861,Member_1861,Mumbai,9888360593
1862,Member_1862,Pune,9828672568
1863,Member_1863,Jaipur,9841763948
1864,Member_1864,Lucknow,9853811960
1865,Member_1865,Mumbai,9881229097
1866,Member_1866,Jaipur,9823378855
1867,Member_1867,Pune,9869101011
1868,Member_1868,Mumbai,9887827233
1869,Member_1869,Lucknow,9830395977
1870,Member_1870,Pune,9817188919
1871,Member_1871,Mumbai,9836361428
1872,Member_1872,Lucknow,9882371193
1873,Member_1873,Mumbai,9815704347
1874,Member_1874,Lucknow,9894465055
1875,Member_1875,Pune,9874123811
1876,Member_1876,Jaipur,9865752549
1877,Member_1877,Mumbai,9836100916
1878,Member_1878,Delhi,9812097021
1879,Member_1879,Mumbai,9876436245
1880,Member_1880,Jaipur,9838945223
1881,Member_1881,Lucknow,9846101733
1882,Member_1882,Lucknow,9826581571
1883,Member_1883,Jaipur,9819381411
1884,Member_1884,Delhi,9856560070
1885,Member_1885,Mumbai,9836691488
1886,Member_1886,Lucknow,9851578002
1887,Member_1887,Lucknow,9844602215
1888,Member_1888,Jaipur,9894953793
1889,Member_1889,Mumbai,9860613642
1890,Member_1890,Lucknow,9814584784
1891,Member_1891,Delhi,9835828907
1892,Member_1892,Pune,9864437301
1893,Member_1893,Pune,9865001538
1894,Member_1894,Pune,9870675816
1895,Member_1895,Lucknow,9833572212
1896,Member_1896,Mumbai,9867750063
1897,Member_1897,Pune,9859115144
1898,Member_1898,Jaipur,9860096067
1899,Member_1899,Jaipur,9868362621
1900,Member_1900,Delhi,9859382984
1901,Member_1901,Delhi,9854833158
1902,Member_1902,Delhi,9838559616
1903,Member_1903,Jaipur,9858070982
1904,Member_1904,Mumbai,9884691758
1905,Member_1905,Jaipur,9848467316
1906,Member_1906,Lucknow,9885117581
1907,Member_1907,Mumbai,9866780290
1908,Member_1908,Pune,9859837239
1909,Member_1909,Delhi,9832378709
1910,Member_1910,Mumbai,9892306866
1911,Member_1911,Pune,9873088560
1912,Member_1912,Lucknow,9882489372
1913,Member_1913,Mumbai,9826448075
1914,Member_1914,Pune,9898058180
1915,Member_1915,Delhi,9867511405
1916,Member_1916,Mumbai,9868919326
1917,Member_1917,Pune,9866394490
1918,Member_1918,Pune,9820670550
1919,Member_1919,Jaipur,9836646092
1920,Member_1920,Lucknow,9824990990
1921,Member_1921,Delhi,9810637871
1922,Member_1922,Jaipur,9886895128
1923,Member_1923,Mumbai,9842153786
1924,Member_1924,Delhi,9891145586
1925,Member_1925,Lucknow,9899913809
1926,Member_1926,Pune,9837490630
1927,Member_1927,Mumbai,9824928949
1928,Member_1928,Delhi,9850176943
1929,Member_1929,Pune,9822682998
1930,Member_1930,Mumbai,9859749143
1931,Member_1931,Lucknow,9866883046
1932,Member_1932,Pune,9818328123
1933,Member_1933,Jaipur,9850776803
1934,Member_1934,Delhi,9872258672
1935,Member_1935,Mumbai,9831391955
1936,Member_1936,Jaipur,9887694117
1937,Member_1937,Jaipur,9838159969
1938,Member_1938,Jaipur,9849262101
1939,Member_1939,Jaipur,9897984218
1940,Member_1940,Jaipur,9873055681
1941,Member_1941,Pune,9847643411
1942,Member_1942,Delhi,9884022355
1943,Member_1943,Pune,9831632567
1944,Member_1944,Mumbai,9880643015
1945,Member_1945,Jaipur,9832341167
1946,Member_1946,Lucknow,9850528645
1947,Member_1947,Lucknow,9863435704
1948,Member_1948,Mumbai,9832479846
1949,Member_1949,Lucknow,9833013738
1950,Member_1950,Jaipur,9882852782
1951,Member_1951,Pune,9842754520
1952,Member_1952,Mumbai,9829982204
1953,Member_1953,Pune,9820046693
1954,Member_1954,Delhi,9842121257
1955,Member_1955,Delhi,9897033097
1956,Member_1956,Pune,9811426119
1957,Member_1957,Mumbai,9864473638
1958,Member_1958,Lucknow,9895058484
1959,Member_1959,Delhi,9826743502
1960,Member_1960,Jaipur,9817060240
1961,Member_1961,Mumbai,9872461464
1962,Member_1962,Lucknow,9849207333
1963,Member_1963,Mumbai,9831345571
1964,Member_1964,Lucknow,9841416684
1965,Member_1965,Jaipur,9840230299
1966,Member_1966,Jaipur,9843726358
1967,Member_1967,Jaipur,9866098543
1968,Member_1968,Lucknow,9887784231
1969,Member_1969,Jaipur,9847772599
1970,Member_1970,Mumbai,9895440154
1971,Member_1971,Jaipur,9827322567
1972,Member_1972,Delhi,9827545594
1973,Member_1973,Jaipur,9830674705
1974,Member_1974,Jaipur,9811262522
1975,Member_1975,Jaipur,9843939811
1976,Member_1976,Jaipur,9883656760
1977,Member_1977,Mumbai,9814604892
1978,Member_1978,Pune,9874545926
1979,Member_1979,Jaipur,9892135063
1980,Member_1980,Mumbai,9841107956
1981,Member_1981,Pune,9897180324
1982,Member_1982,Mumbai,9838324484
1983,Member_1983,Mumbai,9885926665
1984,Member_1984,Lucknow,9899021135
1985,Member_1985,Mumbai,9826827085
1986,Member_1986,Mumbai,9816273296
1987,Member_1987,Jaipur,9854912313
1988,Member_1988,Mumbai,9864270480
1989,Member_1989,Lucknow,9845565904
1990,Member_1990,Mumbai,9825715988
1991,Member_1991,Delhi,9821670928
1992,Member_1992,Delhi,9848415519
1993,Member_1993,Lucknow,9816756092
1994,Member_1994,Delhi,9894564755
1995,Member_1995,Pune,9890772736
1996,Member_1996,Pune,9856404698
1997,Member_1997,Mumbai,9838426543
1998,Member_1998,Pune,9835498346
1999,Member_1999,Mumbai,9855592627
2000,Member_2000,Pune,9898521901
